state,st_census_code,district,dt_census_code,improved_water_pct,improved_sanitation_pct,clean_fuel_pct,electricity_pct,pop_under_15_pct,female_literacy_pct,women_schooling_10yr_pct,children_stunted_pct,children_wasted_pct,children_underweight_pct,children_anaemic_pct,women_anaemic_pct,pregnant_anaemic_pct,diarrhoea_prev_pct,institutional_births_pct,fully_vaccinated_pct,child_marriage_pct,hygienic_menstruation_pct,teen_pregnancy_pct
Andaman & Nicobar Island,35,Nicobar,1,98.8,83.5,56.9,97.9,23,87.5,53.5,21.6,15.7,24.6,37.7,38.3,38.4,5.7,97.8,64.2,11.4,100,1.8
Andaman & Nicobar Island,35,North & Middle Andaman,2,92.2,86.4,61.3,93.2,19.8,84,41,27,27,42.8,30.4,62.1,62.5,4.5,97.7,0,15.4,100,3.8
Andaman & Nicobar Island,35,South Andaman,3,97.9,89.3,91.9,99.6,21,86.7,57.5,21.1,12.6,17.4,43.4,57.7,57.6,6,99.5,76.3,17.1,98.2,2.8
Andhra Pradesh,28,Anantapur,12,98.8,71.3,86.4,99.6,24.3,63.6,31.3,36,19.3,40.6,55.8,50.5,50.3,2.5,94.7,81.8,37.3,95,13.6
Andhra Pradesh,28,Chittoor,13,98.5,74.6,86.6,99.7,22.6,69.3,40.3,27.1,14.8,27.9,54.9,51.8,51.8,4.8,97.1,66.6,28.1,94.7,19.7
Andhra Pradesh,28,East Godavari,4,97.9,77.7,80.3,98.8,20.5,77.9,43.2,23.1,14.3,22.4,66.8,63,63.2,13.3,96.6,59,26,71,6.2
Andhra Pradesh,28,Guntur,7,99.3,83.4,91.7,99.2,22.4,68.5,32.6,23.8,17.8,26.9,59.3,59.5,59.8,10,98.6,76.2,35.4,88,20.7
Andhra Pradesh,28,Krishna,6,94.4,79.1,89.8,99.6,20.4,76.9,46.2,29.8,14.3,21.1,65.7,60.3,60.4,7.8,98.9,90,25.3,92.6,9.6
Andhra Pradesh,28,Kurnool,11,97.9,73.5,78.1,99.9,25.9,57,33.4,50.5,16.7,46.3,70.8,58.6,58.3,4.5,88.5,67,36.9,78.9,12.4
Andhra Pradesh,28,Prakasam,8,98.6,78.4,90.8,99.3,23.1,62.8,34.5,22.6,8.7,24.7,62.6,60.4,60.6,7.9,97.4,51.9,37.3,86.6,16.4
Andhra Pradesh,28,Sri Potti Sriramulu Nellore,9,95.6,81.8,84.6,99.1,20.8,70.5,38.7,29.2,17.2,27.8,67.5,59.4,59.6,8.9,97,65.3,23.8,84,14.9
Andhra Pradesh,28,Srikakulam,1,87.7,71.6,74.7,99.9,20.7,64.3,42.5,19.7,19.5,21.4,59.6,62.6,62.8,11.9,97.9,82.8,25.4,78,5.5
Andhra Pradesh,28,Visakhapatnam,3,91.8,77.8,72.9,99.6,21.4,69.5,46,31,21.5,33.5,72.6,58,58.6,8.1,95.3,76.5,25.4,85.7,9.5
Andhra Pradesh,28,Vizianagaram,2,93.1,61.7,60.3,99.5,20.6,58.3,37.6,36.4,19.2,32.2,66.7,64,64.6,7.5,99,76.8,33.7,72.5,12.7
Andhra Pradesh,28,West Godavari,5,99.1,80.8,86.8,99.3,21.5,77,46.5,31.4,11.7,22.5,62.3,63,63.1,2.7,98.7,80,22.1,84.4,13.4
Andhra Pradesh,28,Y.S.R.,10,99.9,85.4,94.3,99.8,24.1,63.8,40,34.4,14.1,26.7,60.6,56.1,56.1,5.9,99.4,83,25.6,92.5,10.9
Arunachal Pradesh,12,Anjaw,16,86.6,86.8,29,96.4,23.2,66.4,28.8,23.6,14.3,16,57.1,35.9,36.9,9.3,78,93,21.8,89,5.1
Arunachal Pradesh,12,Changlang,9,81.8,82.3,34.1,95.2,28.7,74,30.5,26.3,16.3,25,65.3,57.2,57.1,1.3,75.1,70.9,16.8,89.1,9
Arunachal Pradesh,12,Dibang Valley ,13,100,95,49.3,79.2,22.1,76.6,43.2,16.9,18.1,16,88.6,62.9,64.3,3.9,85.5,90.7,20.7,88.6,0.7
Arunachal Pradesh,12,East Kameng ,3,93.6,75.6,49.5,86.3,31.2,59.1,31.8,35.7,15.8,14.2,51.7,26.2,26.9,7.3,76,60.8,26.5,85.4,8.1
Arunachal Pradesh,12,East Siang ,7,97.3,83.9,52.4,97.3,23.1,81.9,55.6,24.6,8.6,10.3,51.5,35.2,35.3,8.5,90.8,48.8,14.9,87.8,4.6
Arunachal Pradesh,12,Kra Daadi ,,99.8,89.3,78.3,99.7,33.5,53.5,27.4,28.8,9.4,14.5,62,22.6,24.3,6,73.5,63.6,24.8,89.6,12.9
Arunachal Pradesh,12,Kurung Kumey ,12,99.8,78.3,57.3,99.2,31,76,34.7,29.2,15.1,13.9,62.4,34.8,35.5,4.7,69.2,71.4,19.8,96.1,7.7
Arunachal Pradesh,12,Lohit ,15,96.9,83.7,63.9,98.9,27.7,70.9,37.3,24.5,12.7,12.9,52.5,47.2,47.6,7.5,90.2,74,20,91.4,5.4
Arunachal Pradesh,12,Longding ,,62.5,83.5,22.4,97.4,29.9,70.2,27.7,15.8,20.6,13.8,38.4,34.1,35,0.5,64.5,52.7,7.9,92,2.2
Arunachal Pradesh,12,Lower Dibang Valley ,14,99.5,89.9,57.4,84.4,24.5,80,51.9,14.3,7.6,9.7,51.5,34.6,35.3,2.8,90.1,73.8,13.8,96,1.6
Arunachal Pradesh,12,Lower Subansiri ,11,98.1,82.8,60.8,97.8,22,73.4,49.9,30.7,11.5,8.1,52.4,40.5,41.1,6.4,89.8,66.5,16,92.4,2
Arunachal Pradesh,12,Namsai ,,93.5,75.1,28.7,96.5,30.3,62.6,22.2,28.7,12.4,17.7,59.2,58.6,58.8,1.7,63.6,67.2,26.7,93,11.3
Arunachal Pradesh,12,Papum Pare ,4,92.9,75.7,81.3,98.7,30.5,77,50.5,29.7,9,15.6,53.4,38.4,39.4,4.6,88,60.7,25.4,95.4,6
Arunachal Pradesh,12,Siang ,,96.3,91.2,27.6,99.6,21.8,85.3,50.6,21.3,12.1,8.8,24.9,23.9,24.4,2.7,81.1,60.3,10,98.1,0.5
Arunachal Pradesh,12,Tawang ,1,99.8,81.7,88.1,99.7,27.3,56.6,39.2,30.4,7.1,9,89.6,59.1,59.2,14.8,84.2,67.5,11.9,88.4,1.4
Arunachal Pradesh,12,Tirap ,10,93.8,86.7,50.4,98.8,26.8,72.8,40.2,38.6,13.8,16,48.4,32,32.4,7.6,70.2,66.3,12,88.4,4
Arunachal Pradesh,12,Upper Siang ,8,99.8,91.8,36.3,99.5,25.8,70.9,34.8,30.4,12.5,12,51,29.2,29.4,6.2,76,61.4,17.1,91.5,7.1
Arunachal Pradesh,12,Upper Subansiri ,5,94.7,80.9,32.8,87,27.3,62.3,31.8,36.8,12.2,19.2,60.4,36.7,36.6,5.9,77,68.5,26.7,92.7,13.2
Arunachal Pradesh,12,West Kameng ,2,99.8,88.9,88.9,97.5,21.7,71.1,43.6,24.2,23.2,13.4,66.6,37.4,38.4,10,93.6,56.2,12.5,90.3,1.4
Arunachal Pradesh,12,West Siang ,6,99.1,87.7,57.1,88.2,23.7,76.1,46.3,24.5,15.1,16.2,45.6,30.5,31.2,3.1,84.6,55.4,18.9,94.2,4.7
Assam,18,Baksa,25,89.8,68.9,35.2,98.1,26.5,74.8,27.8,41.2,17,34,78.6,73.6,73.8,5.8,89.9,70.5,24.9,67,12.3
Assam,18,Barpeta,4,98.1,63.7,38.7,88.9,30.1,74.8,31.7,29.8,19.5,26.2,63.5,64.8,65.6,1.7,87.6,54.6,40.1,61.5,14.2
Assam,18,Biswanath,,76.2,76.6,35,91.1,28.7,69.2,23,42.7,27.1,41,79.8,64.4,65.1,3.7,84.3,66.2,25.3,70.9,9
Assam,18,Bongaigaon,20,95.3,72.5,49.8,97,28.9,75.8,28.6,46.2,20.2,35.3,77.2,70.6,71.4,4.4,84.5,67.9,41.7,69,15.4
Assam,18,Cachar,17,43.8,57.6,43,81.7,30.9,77.2,25.8,28.7,30.7,38.2,61.8,57.4,58.2,4.2,79.2,70.4,29.9,57.8,8.5
Assam,18,Charaideo,,96.4,75.9,27.3,91.7,25.8,71.9,26.2,39,23.5,34.8,69.7,72.3,72.6,9.8,88.2,74,22.6,68.7,3.8
Assam,18,Chirang,21,92.1,77.1,44.5,97.8,28,71.5,23,42.7,19.5,39.7,70.4,65.2,65.7,6.3,83.7,71.1,30.9,63.5,13.7
Assam,18,Darrang,26,99.7,67.9,30.1,89.5,29.2,75.6,27.5,42,27,33.1,66.8,70.4,71.4,2.1,84.4,57.1,42.8,62.2,16.1
Assam,18,Dhemaji,9,95.3,70.8,21.6,95,30.6,81.5,43.6,37.2,18.3,25.7,73.1,62.9,62.9,0.9,87.3,89.7,32,74.7,10.8
Assam,18,Dhubri,2,96.7,61.8,40.7,92.5,32.3,69.5,20.4,48.5,21.5,37.8,73.1,63.2,63,9.8,64.2,71.6,50.8,48.8,22.4
Assam,18,Dibrugarh,11,98.1,75.3,44.7,94.4,24,76.6,33.7,27.3,20.6,32,66.4,70.8,72,5.8,93.1,83.8,23,79.8,4.8
Assam,18,Dima Hasao,16,50.2,83.8,48.2,95.9,27.7,87.7,42.4,30.6,23.6,21.7,73.1,60.5,61.1,7,89.5,63.6,16.5,79.1,5.4
Assam,18,Goalpara,3,90.7,75.3,36.3,89.6,30,74.1,23.4,38.9,24.3,35.4,60.7,64.9,65.5,7.8,92.3,70.3,41.8,64.5,13.3
Assam,18,Golaghat,14,93.7,73.1,33.1,96.4,24.3,75.1,27.9,26.3,19.2,25.5,75.1,77.2,77.2,8,90.4,72.4,20.7,70.6,9.5
Assam,18,Hailakandi,19,41.2,60,35.2,91.2,33.7,82.2,25.3,42.9,22.2,42.4,59.5,61.4,61.5,5.1,83,68.6,32.9,56.1,10.4
Assam,18,Hojai,,99.9,63.1,52,96.3,27.5,83.2,23.1,39.3,12.7,28.4,56.8,56.3,56.6,4.4,82.1,55.5,30.9,64.6,15.6
Assam,18,Jorhat,13,85.9,80.4,48.3,95.1,21.6,85.1,42.9,38.7,15.5,33.2,74.1,71.8,72.4,6.3,96.5,69.2,24.9,76.7,12.9
Assam,18,Kamrup,22,92.1,68.7,57.4,94.8,25.6,79.6,39.2,22.6,14.8,19.7,72.9,71.5,71.7,5,85,63.6,21.9,62.1,15.7
Assam,18,Kamrup Metropolitan,23,87.2,65.2,85.1,99.2,20,86,49.1,25.4,18.2,25,80.4,74.6,75.2,5.2,89.1,53.6,21.9,86.3,10.1
Assam,18,Karbi Anglong,15,79.6,75.2,33.4,97,29.9,78.8,30.3,31.6,17.2,28.2,67.5,59,59.5,2.2,74.9,64.3,26.1,77.6,9.1
Assam,18,Karimganj,18,62.3,61.5,39.6,87.1,32.3,80.7,19.6,29.1,48,52.9,64.1,52,52.5,7.6,76.4,75.1,27.7,59.8,9.9
Assam,18,Kokrajhar,1,87.3,72.2,43.3,93.9,29.5,73.7,27.5,34.6,20.5,35.2,74.7,59.5,59.5,3.4,81.9,51.1,36.2,72.3,11.3
Assam,18,Lakhimpur,8,81.2,74.2,36.1,97.2,28.1,83.9,42.1,38.5,18.2,34.4,69.3,65.4,66.3,3.7,96.2,69,36.3,79.7,8.2
Assam,18,Majuli,,98.6,65.6,19.3,93.5,26.2,83.4,41.7,35.4,14.1,22.2,73,67.8,68.1,3.6,90.3,78.6,25.5,75.4,10.4
Assam,18,Morigaon,5,94.6,62.3,37.6,89.5,32.1,78.7,24.5,43.2,16.1,30.5,53.3,64.2,64.9,5.4,88.3,73.4,39.1,69.1,11.6
Assam,18,Nagaon,6,96.1,66.1,38.6,94.5,31.1,78.4,22.1,38.9,19.4,32.4,68.6,61,61,8.7,83.7,58.2,42.6,58.4,15
Assam,18,Nalbari,24,99.5,68.1,51.1,94.7,24.5,83.9,41.6,27.5,15.4,26.7,71,66.4,66.9,3.6,91.8,65.5,28.1,74,8.6
Assam,18,Sivasagar,12,92.7,82.3,45.5,97,23.8,86.6,47.1,26.1,21.1,25.9,67.5,67.6,68,5.1,95.3,77.6,27.9,75.7,12.8
Assam,18,Sonitpur,7,82.9,72.2,45.8,88.2,26.6,76.9,24.3,36.7,13.1,21.9,69.4,63.6,64.3,4.3,83.5,70.9,24,63.4,6.5
Assam,18,South Salmara Mancachar,,98.2,59,28.5,79.5,36.7,63.5,20.9,38.9,18.2,27.9,69.6,57.1,58.2,5.4,71.7,65.8,44.7,60.6,22
Assam,18,Tinsukia,10,96.8,66.7,40.9,95.7,25.4,70.5,25.6,32.8,21.5,32.2,66.4,72.8,72.9,4.9,82.6,75,19.8,74.6,6.1
Assam,18,Udalguri,27,82.3,73.8,34,95.5,27.2,70,23.8,33.8,21.3,32.5,77.6,81.5,82.2,3.2,86.2,38.3,32,61.8,4.7
Assam,18,West Karbi Anglong,,44.7,76.7,17.7,94.7,31.7,73.9,21.7,40.9,23.2,31.1,79,57.9,58.8,6.8,72.5,47.9,21.3,77.3,6
Bihar,10,Araria,7,100,32.2,15.2,96.2,40.5,43.7,16.8,49.9,23.9,47.8,75.8,67.9,67.7,16.3,66.2,61.6,52,36.4,13.3
Bihar,10,Arwal,38,99.9,43.4,29.3,97.4,36.6,62.5,32.9,45.6,36.8,52.9,65.8,66.9,66.6,13.4,79.2,84.2,37.5,54.5,8.8
Bihar,10,Aurangabad,33,100,47.1,38.9,97.7,35.2,67.6,36.9,41.2,32.9,48.7,68.4,60.5,60.9,7.1,77.5,89.7,27.3,68.4,7.3
Bihar,10,Banka,23,96.3,38.2,32.3,96.2,36.1,55.7,22.6,46.7,26.9,45.8,77.8,65.9,65.7,6.9,79.8,88.1,49.4,62.8,19.2
Bihar,10,Begusarai,20,99.1,62.2,45.2,96.2,36.4,62.3,34.1,37.8,21,35.6,74.5,62.9,63.2,11.9,86,65.8,49.5,70.7,12.1
Bihar,10,Bhagalpur,22,98,60.9,49.2,94.5,35.1,65.6,35.1,40,21.2,40.4,78.7,73,73.7,10.9,77.2,66.8,42.4,75.6,14.3
Bihar,10,Bhojpur,29,99.7,45.9,42.9,97.9,34.2,64.1,34.6,40.7,31.3,44,67.7,73.6,73.9,11.8,86.9,61.9,31.2,60.8,5.3
Bihar,10,Buxar,30,99.8,52.4,44.7,98.5,32.7,68.1,33.3,39.6,33.2,45.3,68.3,66.2,67,10.4,89.5,75,30.8,56.6,7.2
Bihar,10,Darbhanga,13,99.8,48.7,41.6,97.2,37.1,49.4,22.7,45.4,19.3,39.2,68.9,60.8,61.3,14.3,69.9,66.3,45.1,57.5,10.3
Bihar,10,Gaya,34,99.2,44.4,34.7,97.9,36.3,59.4,30.7,47.4,24.3,43.5,76.7,64.3,64.3,5.1,76.6,85,42.8,72.8,7.2
Bihar,10,Gopalganj,15,99.9,60.1,39.4,96.2,34.6,63.3,32.9,34.2,21.5,29.2,56.1,53.8,53.8,6.1,85.9,75.8,28,63.8,7.6
Bihar,10,Jamui,36,90.5,37.6,40.2,97.9,37,48.7,20.6,43,19.4,37.5,81.9,75.2,76.2,2.1,73.4,66.4,51.9,63.1,15.4
Bihar,10,Jehanabad,37,99.8,45.5,34.3,99.3,36,63.2,30.5,41.3,36.6,51.7,61.9,68.1,67.8,11.2,89.1,70.3,41.6,53.2,12
Bihar,10,Kaimur (Bhabua),31,98,59.1,29,96.7,35.8,66,29.5,44.1,27.3,47.2,71.4,70.3,70.6,3.1,83.3,88.9,27.1,58.9,2.6
Bihar,10,Katihar,10,99.2,44.6,16.9,92,39,49.7,19.8,43.9,23.5,48.1,65.6,68.4,68.9,10.6,66.9,73.7,49.4,49.5,16.1
Bihar,10,Khagaria,21,98.8,65,33.2,94.5,41.3,51.8,26.6,34.8,25.3,36.4,67.1,59.5,59.1,13.9,74.2,64.7,44.9,50.5,15.1
Bihar,10,Kishanganj,8,100,52.4,15.3,95.8,39.9,48,15,38.8,23.9,41.1,67.5,65.1,64.9,9.1,54.6,67.3,36.6,39.8,10
Bihar,10,Lakhisarai,25,96.6,51.6,42.6,98,37.8,57.9,30,42.7,25.6,45.1,77.2,72.6,72.9,9.7,75.8,68.9,56.1,64.9,13
Bihar,10,Madhepura,11,99.3,34.6,13.4,97,38.3,47.6,23.2,46.3,20.6,43.5,67.7,65.7,65.4,13.6,75,72,52,49.6,20.8
Bihar,10,Madhubani,5,100,38.2,40,98.6,34.7,53.2,26.5,43.3,17.1,36,71,61.4,60.9,30.2,73.7,74.1,39.2,57.4,10.2
Bihar,10,Munger,24,97.7,62.8,59.4,98.4,31.3,69.5,44.4,35.5,26.7,39.5,74.3,71.4,71.3,14.5,93.2,73.4,34.7,80.2,9.6
Bihar,10,Muzaffarpur,14,99.9,55.2,41.5,96.6,34.9,63,33.8,42.6,19.9,34.7,64.6,58.9,58.7,14.6,72.5,74.9,32.9,67.8,8.2
Bihar,10,Nalanda,27,98.9,52.5,41,98.9,37.2,56.1,28.8,42.6,27.8,46.7,80.3,71,71.5,12.4,80.3,75.2,42,64.4,10
Bihar,10,Nawada,35,99.3,47.9,40.7,97.4,33.4,62.1,37.3,49.4,18.2,37.3,73.3,70.4,70.1,3.4,79.9,74.5,43.3,65.7,9.4
Bihar,10,Pashchim Champaran,1,99.7,43.3,31.4,93.5,36.5,52.5,21.6,43.5,13.2,30.3,61.6,50.6,49.8,22.1,79.5,62.1,39.1,42.9,12.5
Bihar,10,Patna,28,98.8,61,64.6,99,32.7,67.6,43.6,34.5,27.5,39.6,65.4,67.1,67.3,9.3,89.1,56.6,26.6,74.3,10.1
Bihar,10,Purba Champaran,2,99.9,48.3,44.2,94.8,40,50.2,20.1,49.1,16.8,37.9,61,57.3,57.1,13.4,61.5,68.3,49.2,41.5,12.7
Bihar,10,Purnia,9,99.6,35.6,19.3,92.4,40.2,47.5,19.2,43.5,25.8,47.1,68,66,65.1,12.4,68.9,62.7,51.2,51.5,21.4
Bihar,10,Rohtas,32,99.6,69,47.4,98.5,32.7,76.5,42.6,40,31.8,48.2,70.3,64.9,65.6,3.6,89.1,86.8,30.3,72.3,4.6
Bihar,10,Saharsa,12,100,40.5,25.2,97.2,38.8,43.1,20.9,47.8,20.5,42.7,69.3,65.3,65.7,8.8,70.4,72.2,51,43.5,23.5
Bihar,10,Samastipur,19,98.6,48.8,36.1,95.7,37.8,54.3,26.5,44,21.3,42.8,67.2,60.5,59.9,10.6,83.4,71.4,49.8,58.7,14.9
Bihar,10,Saran,17,99.7,37.2,36.8,93.6,35.3,65.6,35.5,39.7,28.8,45,69.8,62.8,63,15.9,73,72,26.2,59,6.2
Bihar,10,Sheikhpura,26,98.4,54.2,40.3,97.3,37.5,55,28.3,53.6,16.3,37.6,80.1,69.5,69.7,9.1,89.2,82.8,46.1,68.1,10.2
Bihar,10,Sheohar,3,100,57.9,31.3,97.6,36.2,52.5,21,34.4,35.4,42.2,73.1,61.6,63.4,8.7,74.3,62.9,34.6,57.3,3.3
Bihar,10,Sitamarhi,4,99.7,50.7,40.5,93.1,38.2,51.7,19.2,54.2,16.2,40.8,70,61.7,61.8,26.6,64.4,66.6,46.8,47.6,13.1
Bihar,10,Siwan,16,99.8,47.7,48,95.3,31.5,70.9,38.9,36.7,18.2,30.8,63.9,53.1,53,15.8,86.4,76.1,21.3,55.8,2.6
Bihar,10,Supaul,6,99.7,50.7,15,97.3,39.8,42.1,16.2,42.3,25.8,45,63.6,60.7,61,39.3,80.4,73.6,55.9,55.4,17
Bihar,10,Vaishali,18,99.2,52.6,40.9,96.5,34.7,62.4,34,38.3,19.6,38.4,77.1,63.1,62.9,15,81.6,71,44.9,68.2,8.1
Chandigarh,4,Chandigarh,1,99.1,85,95.8,99.9,23.3,78.7,59.6,25.3,8.4,20.6,54.6,60.3,60.1,4.3,96.9,80.9,64.5,9.7,91.9
Chhattisgarh ,22,Balod,,99.5,83.8,33.3,99.7,20.7,78.6,46.3,33.6,15.1,36,68.3,56.4,56.6,1.3,97.4,85.2,3.3,84.8,0
Chhattisgarh ,22,Baloda Bazar ,,94.8,78.9,24.9,99.2,27.2,73.4,38.7,40.9,19.4,34.1,67.8,61.2,61.5,4.7,78.1,77.3,11.4,59.8,2.7
Chhattisgarh ,22,Balrampur ,,84.4,57.3,13.2,97.9,29.2,65.4,32.2,35.1,23,38.8,50.1,63.4,63.2,1.1,78.9,76.1,24.6,60.7,9.1
Chhattisgarh ,22,Bastar,15,94.1,61,31.6,96.8,26.5,52.9,25.3,48.1,20.4,45.2,80.7,77.2,77.1,18.5,63.5,57.3,17.3,53.1,6
Chhattisgarh ,22,Bemetara,,98.8,80.5,18.9,99.7,27,71.1,33,38.4,16.4,27.6,61.8,47,46.9,1.3,95,93.4,15.1,63.9,4.9
Chhattisgarh ,22,Bijapur,18,94.3,30.6,18.5,86.8,30.5,44.7,24.2,53.8,20,46.1,77.2,72.1,72.9,4.5,63.6,78.4,18.3,47.1,5.2
Chhattisgarh ,22,Bilaspur,7,93.6,80.5,42.2,98.6,24.8,72.8,37.4,25.7,24,28,78.1,58.5,59.3,5.1,79.4,52.5,11.2,70.7,5.2
Chhattisgarh ,22,Dantewada,17,95.1,60.5,34.6,95.9,27.9,49.3,24.2,45.6,19.4,45.8,89.9,76,76.7,2.4,90.5,77.6,16.3,56.7,6.7
Chhattisgarh ,22,Dhamtari,13,99.1,89.8,30.9,99.9,23.6,82.7,40.9,30.5,17.9,28.9,67.3,59.6,60,1.4,94.3,80.6,5.8,82.9,1
Chhattisgarh ,22,Durg,10,98.5,89.5,76.3,99.6,22.9,80.3,52.7,38.9,16.9,27.7,57.1,51.7,52,2,96.7,82.7,4.3,87.7,0.6
Chhattisgarh ,22,Gariyaband,,96.8,81,17.1,98.7,26.5,68.9,27.8,28.9,21.9,22.1,73.9,64.6,65,1.6,87.6,83.4,9.7,58.2,3.6
Chhattisgarh ,22,Janjgir - Champa ,6,97.2,78.8,24.8,99.5,25.3,74.9,37.3,32.5,24.6,30.2,74.1,66.3,66.6,6.2,86.2,85.5,10.2,78.4,3.5
Chhattisgarh ,22,Jashpur,3,88.8,72.8,14.8,98.2,27.8,73.1,34.9,35.8,17,33.6,54.1,61.5,61.8,1.3,85.6,94.2,21.9,68.2,5.5
Chhattisgarh ,22,Kabeerdham,8,97.9,80.3,25,99.5,27.4,66.2,32.6,37.9,12,27.3,67.5,43.6,43.9,0,91.7,95.4,15.3,63.5,1.5
Chhattisgarh ,22,Kodagaon,,98.8,79.5,12.4,97.8,25.7,54.7,24.7,37.6,22.8,42.2,76.6,79.7,79.5,10.9,78.7,70.1,11.8,57.8,3
Chhattisgarh ,22,Korba,5,82.2,73.3,35.5,97.9,25.4,73.2,37.1,34.7,14.7,27.9,63.6,66.4,66.9,5.3,75.4,68.4,7.2,65.2,1.2
Chhattisgarh ,22,Koriya,1,87.6,73.3,30.2,97.6,26.9,74.8,37,32.1,18.1,31.8,56.3,64.4,65,1.2,80.8,87.1,22.9,65.7,5
Chhattisgarh ,22,Mahasamund,12,98.8,84.2,30.4,98.4,24,70.6,31.2,36.8,14,25.8,75.8,63,63.4,5.1,92.9,82.1,9.5,61.4,1.2
Chhattisgarh ,22,Mungeli,,98,80.7,22.9,99.7,29.3,66.5,32.2,30.1,17.7,30.6,62,54.5,54.6,1.2,69.8,79.7,20.5,68.2,3.1
Chhattisgarh ,22,Narayanpur,16,90.5,52.8,19.5,90.1,28.8,52,26.5,43.7,21.5,39.5,86.8,72,72.8,4.6,74.2,81.7,11.1,55.6,2.5
Chhattisgarh ,22,Raigarh,4,97.5,66.3,29.8,99,24.1,74.9,38.3,39.1,14.9,28,62.7,62.2,62.5,1.9,87.7,90.9,11.5,69.1,1.3
Chhattisgarh ,22,Raipur,11,99.7,84,60.5,99.5,24.2,79.6,40.1,32.2,21.7,32.3,74.6,59.1,59.8,3.4,90.7,74.2,8.8,72,3.3
Chhattisgarh ,22,Rajnandgaon,9,98.8,79.2,27.4,99.3,24,80.6,38.9,27.6,19.4,31,80.5,58.3,58.6,2.9,95.5,91,3.8,73.6,1.4
Chhattisgarh ,22,Sukma,,96,35.5,14.4,98.3,29.6,39.8,15.9,41.8,21.2,37.4,91.4,78.4,79,4.9,81.2,73.3,18.9,48.3,2.7
Chhattisgarh ,22,Surajpur,,83.4,75.4,24,98.7,28.5,66.9,30.7,27.6,19.3,32.3,51.1,60.7,61,2.5,85.9,78.7,34.3,62.4,4.5
Chhattisgarh ,22,Surguja,2,96.4,75.8,24.5,99.3,27.5,71,37.7,29.4,17.5,30.6,51.4,58.3,58.8,2.6,85.3,84.6,18.1,63,6.4
Chhattisgarh ,22,Uttar Bastar Kanker ,14,98.7,80.5,25.9,99.4,21.8,77.2,40.3,24.8,24.5,36.1,62.3,65.2,66.3,3.2,94.1,89.5,5.4,80.6,0.8
Dadra & Nagar Haveli,26,Dadra & Nagar Haveli,1,94.8,63.1,74.3,99.7,26.8,72.8,31.5,42.4,20.9,42.1,74.8,64.4,64.5,2.1,96.3,100,30,96.3,5.5
Daman & Diu,25,Daman,2,96,67.1,92.1,99.5,22.7,85.9,42.9,30,25.2,29.3,82.5,60.8,60.8,4.8,97.4,78.3,22.8,86.3,1.4
Daman & Diu,25,Diu,1,99.7,89.7,85.3,100,21.2,90.8,52.7,33.9,17.4,28.5,62.8,50.3,50.4,1.2,95.7,92.9,2.3,89,0
Goa,30,North Goa,1,98.1,87.7,96.7,100,19.3,92.4,72,24.2,17.7,25.8,55.2,40,40.2,3.6,99.6,78.6,7.5,97.3,2.7
Goa,30,South Goa,2,99,88.2,96.2,100,18.9,93.8,70.9,28.3,21.4,21,50,37.6,37.3,2.5,100,0,3.9,96.2,2.8
Gujarat,24,Ahmedabad,7,98.7,86.4,89.7,99.5,22.1,81.5,42.7,35.5,17.5,34,72,63.7,63.5,1.8,94.5,65.2,17.5,66.4,4.4
Gujarat,24,Amreli,13,97.8,73.3,65.6,99.6,22.7,77.2,27.2,35.3,23.7,30.6,72,50,50.3,3.5,90.1,60.1,10.5,73.8,1.6
Gujarat,24,Anand,15,99.7,82.1,65.1,98,22.2,75.9,32.2,38.4,28.6,46.6,78.4,66.4,66.6,11.7,96,77,28,69.1,7
Gujarat,24,Aravali,,98.5,56.3,47.9,96.5,25.5,71.9,34.7,47.1,29,47.2,89.5,77.3,77.1,16.6,92.2,77,27,52.5,6.7
Gujarat,24,Banaskantha,2,93.6,53.9,45.6,91.1,29.2,63.7,17.6,39,25.5,44.1,79,60,59.6,7.7,92.9,43.5,37.3,52.7,5.1
Gujarat,24,Bharuch,21,97.2,77.7,60.2,98.2,23.7,74,31.5,40.9,24.5,45.5,81,71.8,71.6,11.2,91.1,80,16.8,63.6,5
Gujarat,24,Bhavnagar,14,95.1,72.9,59.8,96.9,24.1,74.2,26.3,32.6,29.6,39.5,71.5,49.4,49.1,11.1,94.2,74.3,18,64.5,1.5
Gujarat,24,Botad,,99.2,72,63,99.3,24.8,71.8,22,32.2,26,32.3,75.5,58.8,59.1,5.4,93.5,65.1,13,72.1,2.2
Gujarat,24,Chhota Udaipur,,97.4,53,25.7,95.3,25.4,53.2,20.3,48.6,28.4,48.1,87.7,78.9,79.1,11.3,85.7,81.7,27.5,44,4.3
Gujarat,24,Dahod,18,91,35.9,26.8,89.3,35.6,56.1,23.1,55.3,27.8,53,87.2,75.1,75.4,14,92.5,66.2,29.9,45.1,7.4
Gujarat,24,Devbhumi Dwarka,,93.9,73.4,61.2,98.7,24.2,66.1,15.8,30.2,26.1,36.2,66.7,48.8,48.8,9.1,94.8,73.3,11.6,65.9,3.8
Gujarat,24,Gandhinagar,6,99.7,84.6,76.9,97.8,22.3,81.8,37.9,38.1,30.6,44.6,81.2,68.8,69.2,15,97.8,77.7,32.6,69.3,5
Gujarat,24,Gir Somnath,,98.2,74.3,46.8,99.5,23.4,73.1,30.8,44.4,18.5,30.3,68.9,49.9,49.6,9.9,87.1,69.9,9.9,74.1,0.9
Gujarat,24,Jamnagar,10,99.7,86.6,81.6,98.9,21,83.1,35.3,28.4,23.8,28.9,75,50.2,50.6,4,96.5,78.4,6.8,75,1
Gujarat,24,Junagadh,12,97,81.7,67.2,99.3,21.6,82.8,35,37.3,17.3,26.4,74.7,58.8,58.8,7.5,97.4,93.5,11.2,75.2,5
Gujarat,24,Kachchh,1,96.8,85.8,67.2,99.2,26.6,75.6,24.1,37.5,20.2,33.4,68.6,57.5,58,3.2,97.4,70.2,19,59.1,5.7
Gujarat,24,Kheda,16,97.7,63.3,48,96.9,23.7,70.9,24.2,37.3,30.9,39.5,85.1,76.1,76.2,14.1,95.2,69,49.2,65.3,10.4
Gujarat,24,Mahesana,4,97,72.1,63.1,97.7,22.1,75.1,32.6,31,28.2,41.4,86,69.3,69.5,14.6,97.3,79.6,32.3,44.5,4.5
Gujarat,24,Mahisagar,,94.8,44.4,47.4,95.2,25.4,70.9,33.9,43.4,26.2,49,85.9,72.5,73.2,14.4,93,80,30.7,59.4,6.1
Gujarat,24,Morbi,,98.3,80.1,73.6,99.9,22.6,82.4,35.4,32.9,25.2,32.3,75.3,50.7,50.7,3.7,94.8,64.2,8.9,66.2,3.4
Gujarat,24,Narmada,20,96.8,54.6,31.3,92.7,26,67.3,22.6,47.2,23,52.8,93.2,75.9,75.9,7.5,81.7,82.8,29.5,52.5,12
Gujarat,24,Navsari,23,97.4,80.1,70.2,98.7,19.6,84.1,47.7,36.8,29,43.6,75.3,68.7,68.9,6.6,99.3,95,15.7,77.2,3.3
Gujarat,24,Panchmahal,17,91,58.9,43.6,95.5,26.3,71.7,28.4,47.1,35.7,51.9,91,69.8,69.5,13.7,88.4,95.4,34.1,61.8,10.5
Gujarat,24,Patan,3,99.4,73.1,62.6,98.3,25.1,71.1,22.6,50.5,20.9,42.3,76.2,59.8,59.8,6.8,98.6,81,35.4,56.9,2.3
Gujarat,24,Porbandar,11,96.2,85.7,76.9,99.8,20.8,84.3,35.9,18.2,21.8,25.5,77.9,47.6,47.4,5.6,100,82.9,10,71.7,1.9
Gujarat,24,Rajkot,9,99.5,85.4,83.6,99.6,22,84.7,42.6,38.9,17.6,37,77,60.5,60.6,4.3,99.3,84.9,12.1,84.5,1.8
Gujarat,24,Sabarkantha,5,90.7,61,58.7,95.3,26.6,74.5,31.1,37,33.1,41,81.1,67.3,67.9,14,89.4,88.5,27,68.4,6.1
Gujarat,24,Surat,25,98.9,82,88.6,99.3,23.1,84.2,44,36.1,26,32.5,83.6,69,69.3,3.1,97.7,92.8,13.1,78.2,4.4
Gujarat,24,Surendranagar,8,96.9,63.8,56.9,99.4,23.7,75.1,23.3,39.2,27.1,41.8,81,55.6,55.4,8.6,85.6,62.5,19.5,52.8,6.3
Gujarat,24,Tapi,26,99,70.2,45.5,97.6,21,72,32.5,41.7,36.6,51.8,80.7,77.4,77.6,8.1,92.9,97.5,25.3,63.7,9.9
Gujarat,24,The Dangs,22,91.2,71.7,23.4,95.9,28.8,68.9,20.7,37.6,40.9,53.1,82.4,77.2,77.6,5.1,74.5,91.3,30.2,57.4,13
Gujarat,24,Vadodara,19,99.5,85.6,78.1,97.3,21,84.6,46.4,42.3,20.1,39.9,86.4,72.3,72.6,11.8,95.9,84.9,22.8,72.4,10.3
Gujarat,24,Valsad,24,98,85.3,73.1,98.6,25.2,82.9,45.6,37.8,23.2,34.8,87.6,75.7,75.8,4.9,96.5,91.1,19.4,84.9,6.5
Haryana,6,Ambala,2,99.3,87.2,81.6,99.6,21.6,85,55.3,24.1,10.9,13.7,64.2,46.1,46.5,5.6,97.8,79.3,6.4,93.3,0.8
Haryana,6,Bhiwani,13,97.5,89.7,36.6,100,24.8,78.8,47,29,6,20.6,69.2,66.4,66.8,5.8,97.7,72.5,15,95.5,3.4
Haryana,6,Dadri,,97.3,90.4,36.2,99.5,23.4,83.6,54.5,23.9,10.6,16.9,67.2,72.6,73.1,4.1,98.9,84.2,11.8,96.3,3.1
Haryana,6,Faridabad,20,97.9,84.2,89.3,100,25,82.3,55.6,28.9,8,19.5,68.4,54.2,54.8,4.7,92.5,69.5,15.3,95.5,2.8
Haryana,6,Fatehabad,10,99.8,87.3,43.7,99.8,24.1,71.1,41.5,24.6,16,26.6,59.3,62.3,62.5,3.6,97.9,90.7,11.7,96.7,2.1
Haryana,6,Gurgaon,18,99.7,84.5,81,99.4,24.7,85.4,59.6,22.1,15.7,22.2,67.7,67.5,68,4.5,96.7,58.7,20.7,96,6.9
Haryana,6,Hisar,12,99.3,89.1,44.8,99.7,25.8,77.7,43.9,27.8,16.4,21.4,70.5,63.8,64,4.7,98.2,85.5,8.9,96.4,3.6
Haryana,6,Jhajjar,15,96.6,91.7,55.9,99.8,23,88.2,62.7,15.6,8,9.7,76.9,60.1,59.9,3.7,97.2,90.9,7.7,97.4,1.3
Haryana,6,Jind,9,96.2,88.5,42.1,100,25.8,81.3,45.3,25.5,8.8,22.9,68.9,59.6,59.5,5.1,98.7,77.5,8.7,96.2,1.9
Haryana,6,Kaithal,5,98.5,89.7,55.9,100,24.4,70.9,45.9,29.9,20.7,29.9,61.4,61.5,62.5,4.5,98.2,74.3,11,92.1,4.7
Haryana,6,Karnal,6,99.9,83.5,74.1,99.2,26.4,84,46.8,29.2,9.8,20.5,78.3,61.9,62.1,4.4,99,88.9,6.6,92.9,3.1
Haryana,6,Kurukshetra,4,99.9,82.6,77.6,99.6,24.7,83,48.4,24.9,12.8,22.5,73.7,57.1,57.5,7.7,98.4,69.8,11.7,92.3,3.9
Haryana,6,Mahendragarh,16,99.7,79.8,34.2,99.6,22.3,81.1,52.4,25.2,8.4,15.4,72.3,61.2,61.2,4.7,98.9,73.9,13.4,95.7,9.6
Haryana,6,Mewat,19,97.1,71.7,22,98.6,40.6,41.9,13.9,44.4,14.2,37.3,76.4,60.6,61.1,4.1,74.6,53.8,28.7,58.1,7.6
Haryana,6,Palwal,21,96.7,80.3,34.6,98.9,31.3,68.3,39.4,31,9.9,21,71.6,57.2,57.2,5.6,78.3,69,23.8,91.4,4.7
Haryana,6,Panchkula,1,99.2,82.6,81.1,99.5,23.1,84.9,60.3,21.8,12,19.3,53.1,57.1,57.4,3.2,97,85.1,7.4,96.2,1.4
Haryana,6,Panipat,7,99.9,79.3,73,99.6,26,83.8,52.1,25.1,9.9,18.9,73.4,66.9,66.8,8.2,97.1,80.6,11.9,94,5.7
Haryana,6,Rewari,17,99.7,86.4,54.9,100,22.6,86,58.7,25.9,9.3,20.5,71.3,61.8,61.9,2.7,98.7,79.3,5.8,94.8,4.7
Haryana,6,Rohtak,14,98.5,90,67.3,99.7,23.7,85.8,55.9,28.9,12.5,22.1,76.2,65.3,64.8,3.8,97.4,77.4,12.4,98.3,1.7
Haryana,6,Sirsa,11,99.3,81.9,38.8,99.9,22.6,70.6,44.7,25,12.6,23.4,70.1,61.9,62.1,5.2,99.3,0,8.9,95.3,5.6
Haryana,6,Sonipat,8,97.2,86.7,69.9,99.3,23.5,87.3,56.8,23.6,9.2,12.7,68.7,53.3,53,4.3,99.7,83,15.5,97.5,2.9
Haryana,6,Yamunanagar,3,100,83.5,77.7,99.8,23.6,85.8,51.2,27.7,12.1,23.1,72.9,56.6,56.3,7.2,94.8,82.9,6.9,91.6,2.3
Himachal Pradesh,2,Bilaspur,8,92.9,80.8,35.8,100,22.1,91.2,64.2,40.1,12,38.8,44.8,53,53.4,6.3,91.7,100,10,94.4,3.2
Himachal Pradesh,2,Chamba,1,85.5,86.5,35,99.1,25.1,84.1,50.9,42.6,15.4,26,46.5,43.7,43.9,2,72,100,3.8,87.3,2
Himachal Pradesh,2,Hamirpur,6,98,85.5,44.7,99.7,20.3,94.8,76.1,27.3,14.9,23.6,52,49.5,49.4,12.4,97.6,74.3,3.5,94.3,2.8
Himachal Pradesh,2,Kangra,2,98.6,73.3,49.1,99.7,21.1,94.4,69.9,28,19.4,32,55.3,63.4,63.7,5,90.2,83.9,1.5,89,0.8
Himachal Pradesh,2,Kinnaur,12,96.9,80.1,70.4,99.6,19.1,89.1,56.1,32.2,11.3,18.9,75.6,51.7,52.2,7.4,82.7,91.7,27.9,95.9,9.3
Himachal Pradesh,2,Kullu,4,94.3,81.2,65,99.2,21.8,87.4,54.4,35.9,16.1,25.6,75.3,52.8,53.7,8.5,87,80.2,8.7,85.7,4.7
Himachal Pradesh,2,Lahul and Spiti,3,89.2,61.7,71.7,99.8,17.8,86.2,55.9,28.5,16.3,18.4,91,82.1,82.3,6.5,86.4,77.9,11.2,90.9,3.1
Himachal Pradesh,2,Mandi,5,96.5,87,38.6,99.5,22.3,94,71.8,31.3,19.9,21.3,52.2,48.9,49,2.6,86.6,94.1,6.3,92.4,6.3
Himachal Pradesh,2,Shimla,11,97.3,87.3,78,100,19,93.4,69.7,27.1,15.5,14.9,59.1,46.5,46.7,1.6,92.2,96.5,6.1,93.4,6.1
Himachal Pradesh,2,Sirmaur,10,95.7,84.3,46.8,99.2,25.5,84.9,55.6,28.6,18.5,24.2,58.5,50.1,50.2,3.3,87.4,93.9,5,92.9,1.8
Himachal Pradesh,2,Solan,9,96.5,81.8,62.5,99.2,22.3,91,62.3,32.3,20.9,26.7,50.4,47.5,48.4,3,90.2,92.6,13.3,94.4,5.8
Himachal Pradesh,2,Una,7,98.8,81.4,46.2,98.5,21.8,92.5,66.8,24.7,13.1,25.8,58.7,60.8,60.8,9.2,89.7,75.3,1.6,93.7,2.1
Jammu & Kashmir,1,Anantnag,14,99.3,84.7,76.5,98.7,22.4,74.7,52.8,28.2,24.9,28.3,79.2,74.3,75.7,7,90.5,83.3,2.5,74.2,0.7
Jammu & Kashmir,1,Badgam,2,95.8,77,71.1,99.5,22.3,74.1,48.2,26.8,18.9,20.6,85,73.9,75,6.3,96.5,92.5,1.5,75.3,1
Jammu & Kashmir,1,Bandipore,9,89.8,66.8,77.9,99,25.5,66.6,35.9,25.2,14,16.8,75.1,73.7,74.3,8,92.8,90.3,1.8,64.4,0
Jammu & Kashmir,1,Baramula,8,93.3,77.7,76.5,98.7,24.8,67.9,35.9,23.2,18.2,17.3,70.4,72.5,73.1,9.9,96.2,73.7,3.8,62,0
Jammu & Kashmir,1,Data Not Available,99,0,0,0,0,0,0,0,0,0,0,0,0,0,0,0,0,0,0,0
Jammu & Kashmir,1,Doda,16,92.6,70.9,42.4,99.6,28.4,69.2,46.8,32.7,9.5,15.2,80.7,66.5,67.9,2.7,73.5,61.7,11,68.8,2.7
Jammu & Kashmir,1,Ganderbal,11,97.2,78.4,84.4,99.5,25.1,64,34.3,18.5,25.9,20.1,89.8,77.2,77.9,4.7,98,81.2,5.3,69.8,0.4
Jammu & Kashmir,1,Jammu,21,99.9,81.2,87.9,100,22.2,91.5,70.8,27,18,17.6,68.4,66.6,68.2,2.7,96.5,84.1,5.3,95.3,0
Jammu & Kashmir,1,Kathua,7,96.1,75.4,68.5,99.7,19.8,87.7,64.9,21.8,22.5,25.9,67,53.6,55.2,2.1,97.1,100,1.4,85.4,0
Jammu & Kashmir,1,Kishtwar,18,86.8,59.6,50.6,88.8,24.8,71.3,48,27.5,22.8,17.7,88.5,84.8,86.2,6,91.6,91.6,7.2,70.8,1.8
Jammu & Kashmir,1,Kulgam,15,96.4,80.5,40.3,99.8,25.4,70.9,42.4,28.4,11.3,15.3,77.7,77,77.5,2.1,98.9,98.1,3.7,75.9,1.1
Jammu & Kashmir,1,Kupwara,1,88,67.7,62,99.3,26.7,76,44.9,24.9,25.1,25.5,78.8,73.5,75.6,9,97.1,93.2,3.1,48.7,0
Jammu & Kashmir,1,Pulwama,12,98,91.6,76.6,99.1,22.1,76.6,49.4,22.4,15.3,20.2,67.4,73.2,74.7,3.7,97.8,88.8,0.5,85.1,0
Jammu & Kashmir,1,Punch,5,76.8,66.7,44.6,99.7,27.2,79.3,46.8,25.9,15.6,18.8,54.3,54.1,56.3,6,86,91.2,5.4,76,0.5
Jammu & Kashmir,1,Rajouri,6,77.7,63.3,42.8,100,26.4,79.4,46.4,30.3,22.5,32.4,76.4,60.6,62,10.7,88.8,95,12.2,53.1,4.1
Jammu & Kashmir,1,Ramban,17,73.4,48.9,35.8,97.4,29.5,62.2,35.5,25.7,15.6,21.2,62,59.7,61.7,6.4,80.4,78.9,5.5,58.5,2
Jammu & Kashmir,1,Reasi,20,76.5,62.7,35.2,99.9,30.7,68.2,41.9,17.7,13,11.7,69.7,62.9,65.1,0.9,69.3,79.1,9.6,59.7,2.2
Jammu & Kashmir,1,Samba,22,95.4,78.8,73,99.8,24.5,84.8,60.6,24.5,20.4,15.5,69,62.4,63.6,4.7,97.9,90.9,6.3,85.5,1.3
Jammu & Kashmir,1,Shupiyan,13,99.2,86.5,66.1,99.9,23,80.8,55.2,22,32.8,33.5,57.1,63.9,65.5,2.7,98.3,92.2,2.1,69.8,0
Jammu & Kashmir,1,Srinagar,10,98.5,86.8,98.4,100,20.2,78.4,60.5,33,18.6,15.8,77,51.7,52.5,1.2,99.2,90.9,1.7,84.8,1.6
Jammu & Kashmir,1,Udhampur,19,76.4,69.8,55.1,99.9,26.1,77.3,43.7,37.3,19.8,31.9,70.4,56.5,57.3,11.9,87.2,85.8,6.1,74.7,1
Jharkhand,20,Bokaro,10,86.4,64.4,47,97.3,27.3,69.2,45,36.2,19.7,32.3,66.5,68.8,69,15.6,80.9,71,26.3,80,5.9
Jharkhand,20,Chatra,2,83.3,48.1,20.4,92.1,36.8,57.7,27.7,42.2,17.2,39.8,62.6,56,55.9,4.5,71.5,71.7,31.7,66.9,11.6
Jharkhand,20,Deoghar,5,90.8,41.6,23.5,95.6,36,50.7,19.7,41.7,17.7,36.9,73.9,70.2,70.1,6.5,61.3,54.5,49.2,68,20.2
Jharkhand,20,Dhanbad,9,88.9,67.6,37.2,98.5,27.8,69.7,37.9,27,14,25.1,66.5,63.8,64.6,7.9,78.8,66.1,28.3,81.3,10.9
Jharkhand,20,Dumka,17,92.6,41.5,18.1,93.2,31.7,51.8,19.1,38.2,27.8,44.9,75.1,73.4,74.2,6.4,60.3,78.9,43.1,63.6,14.9
Jharkhand,20,Garhwa,1,92.5,54.1,24.7,85,33.3,59.6,31,47.7,18.9,40.6,62.5,62.7,62.9,6.6,84,77.2,31.3,59.3,8.7
Jharkhand,20,Giridih,4,87.6,59.2,32.4,96.5,34.6,53.4,25,31.9,27.8,34.3,62.8,64.7,65.2,9,70.7,70.6,45.6,65.2,12.3
Jharkhand,20,Godda,6,91.4,54.9,19.7,93.5,33.8,46.6,19.6,39.4,24.5,40.7,75.1,66.3,66.3,6.8,70.2,63.9,48.5,64.8,16.1
Jharkhand,20,Gumla,21,75.2,50.1,19.1,89.1,30.7,63.7,33.3,40.2,20.1,38.7,65.8,59.5,59.9,5.1,83.8,85.3,20.9,75.6,7.2
Jharkhand,20,Hazaribagh,15,85.5,55.6,36.8,98.2,32.6,67.2,40.1,37.8,16.2,32.5,62.1,56.1,56.2,9.1,82,70.1,38.6,74.6,10.9
Jharkhand,20,Jamtara,18,93,52.8,20.3,92.2,29.5,53.5,21.4,41.9,23,46.2,72.8,77.7,78.4,13.8,75.4,78.8,50.5,73.1,14.9
Jharkhand,20,Khunti,20,68.6,55.2,18.7,92.9,29.8,55.3,29.3,38.5,32.1,44,66.9,70,70.9,11.7,73.8,71.9,21.7,71,4.3
Jharkhand,20,Kodarma,3,83.9,54,35.8,97.1,35.8,63.6,31.8,34.6,18,31.7,60,64.9,65.1,8.2,91.3,73.8,42.5,80.1,10.6
Jharkhand,20,Latehar,14,79.2,51.4,14.2,89,35.9,54.9,26.5,40.1,19.2,39.4,68.3,63.6,63.8,6.6,70.3,75,32.2,72.1,8.8
Jharkhand,20,Lohardaga,11,78.4,67.7,34,99.2,32.4,65.2,35,40.7,26.6,43.4,68.7,61.7,62.1,5,84.1,88.2,21.9,91.7,5.5
Jharkhand,20,Pakur,8,88.6,38.3,16.9,91.7,36.3,41.4,13.6,51.3,23.6,51.4,72.1,79.7,80.4,4.3,64.6,69.4,43.4,66.4,14.4
Jharkhand,20,Palamu,13,94.9,46.3,25.4,95.8,34.6,62.5,36.5,43.7,18.4,37.3,68.2,61,61.1,4.3,74.9,80.9,35.4,73.8,6.1
Jharkhand,20,Pashchimi Singhbhum,23,79.3,37.7,15.5,83.3,35.8,47.8,22.9,60.6,30.5,62.4,73.3,72.6,72.5,10.5,67.9,87,24.4,80.4,6.7
Jharkhand,20,Purbi Singhbhum,12,89.7,70.2,57.6,95.7,23.4,73.8,46.8,35.9,29.4,41.6,67.4,64.4,65.1,1.9,94,88.8,19.8,88.3,3.7
Jharkhand,20,Ramgarh,16,76.7,64.2,33.2,98.4,27.9,71,44.3,35.3,23.5,35.3,59.7,62.3,62.3,9.1,79,81.8,25.1,88.4,5.1
Jharkhand,20,Ranchi,19,86.3,77.2,57.7,99.3,25.4,76,49.5,28.3,32.7,40.6,62.8,58.9,59.3,4.8,87.3,73.8,20.9,85,5.5
Jharkhand,20,Sahibganj,7,88.2,43.2,17.4,91.6,39.4,48.8,18.6,49.1,19.7,44.8,72.6,71.5,72.1,3.4,64.7,66,39.9,58.4,18.9
Jharkhand,20,Simdega,22,66.7,71.3,15.9,84.1,30,66.4,29.7,42.2,21.1,37,75.4,70.6,71,7.3,75.7,79.3,15.9,92.6,5
Karnataka,29,Bagalkot,2,99.2,51.3,56.6,98.9,26.5,69.7,37.7,48.3,16.9,42.3,63.8,48,47.9,4.3,95.2,78.6,38.7,65.9,6.9
Karnataka,29,Bangalore,18,99.2,90.4,97.2,98.8,20.6,87.3,70.1,31.3,19.2,28.1,58.9,35.5,36,2.2,99.3,78.2,14.5,98.5,2
Karnataka,29,Bangalore Rural,29,97.9,88.8,93.6,99.2,20.5,83.8,56.3,36.6,16.2,23.8,60.8,44.2,44.6,3.2,100,92.7,14.1,97.6,6.4
Karnataka,29,Belgaum,1,94.4,67.7,74.8,99.1,25,74,47.8,32.8,23.6,36.9,72.7,52.9,53.4,4.7,97.5,81.4,32.8,75.3,9.1
Karnataka,29,Bellary,11,94.7,64.1,76.2,98.9,23.6,64.4,39.9,36.1,22.9,36.5,67.5,58.1,58.7,5.1,95.7,71.5,22.2,85,3.2
Karnataka,29,Bidar,4,98.9,56.5,65.2,98.8,27.3,73.8,45,36.8,22.1,36.1,69.3,55.9,55.7,9,99,74.8,19.2,81.6,4
Karnataka,29,Bijapur,3,92.5,44.8,60.6,97.6,28,66.6,37.1,45.9,15,39,65.2,52.9,52.2,8.2,91.8,71.1,39.2,71.9,11.8
Karnataka,29,Chamarajanagar,24,99.9,75.2,89,98.7,19.4,72.4,41.7,32.2,18,28.7,68.7,46.3,46.4,4.6,100,93.3,19.3,94.1,6.1
Karnataka,29,Chikkaballapura,28,98.1,84.9,89.4,99.9,21.7,76.3,48,31.3,16.1,25.2,59,45.5,45.8,4.3,99,76.6,27.1,96.2,5.3
Karnataka,29,Chikmagalur,16,95.7,92.3,79,99.3,19.4,82.9,48.3,27.3,24.9,25.4,53.2,40.8,41,4.8,98.4,91,19.5,93.1,5.5
Karnataka,29,Chitradurga,12,97.8,63.1,80.6,99.8,22.5,75.6,48.3,36,17.9,32.4,61.1,44.6,44.2,6.2,98.3,94.6,20.7,85.5,7.8
Karnataka,29,Dakshina Kannada,21,88.6,97.1,82,99.8,19.8,92.7,62.8,25.1,30.5,26.4,51.1,38.8,38.9,3.9,100,86.8,4.9,93.9,1
Karnataka,29,Davanagere,13,97.5,83.3,79.1,98.8,21.9,76,47.1,38.4,18.8,32.8,70.2,51.7,51.9,9.2,98.3,79.4,19.1,80.2,4.9
Karnataka,29,Dharwad,8,87.9,79.3,79.1,99.4,22.1,81.8,51.4,45.2,16.5,40.4,67.2,52.1,51.4,1.9,99.7,87.6,17.8,81,3.3
Karnataka,29,Gadag,7,95.5,55.2,56.3,98.6,24.1,70.7,45.1,45.2,18.2,39.8,70.3,50.5,50.5,10.4,96.2,74.3,27.7,68.3,2
Karnataka,29,Gulbarga,25,92.5,36.5,58.5,99.4,26.8,68.2,42,34.5,25,36.2,75.1,56,56,9.4,88.7,75.3,29.8,68.9,4.9
Karnataka,29,Hassan,20,96.8,87.9,86.1,99.3,20.2,82,51.3,27.1,15.2,23.8,63.6,42.2,42,4,100,96.8,16.2,92,6.4
Karnataka,29,Haveri,10,99.1,68.9,60.7,99.1,25.4,71.5,40,29.9,17.7,35,66.9,50.8,50.4,8.9,97.2,95.7,16.5,75.8,4.2
Karnataka,29,Kodagu,22,89.2,93.9,78.3,98.7,21.2,88.5,58.9,30.4,21.7,22.6,54.4,39.9,39.6,5.5,98.4,90.6,12.8,94.2,3.2
Karnataka,29,Kolar,27,98.5,89.2,89.9,99.5,21.8,78.3,55,31.1,15.5,15.7,57.9,43.6,43.8,3.6,99.6,86.3,26.7,93.7,9
Karnataka,29,Koppal,6,96,58.8,47.4,99.2,28.8,59.8,34.4,49.1,23.1,45.8,70.7,54.8,54.8,7,90.7,84.8,27.1,67.8,8.5
Karnataka,29,Mandya,19,98.4,86.7,90.5,98.4,18.1,78.3,52.5,24.3,11.8,16.7,58.2,47,47.1,3.1,99.5,93.9,13.1,87.3,5.9
Karnataka,29,Mysore,23,95.4,86.4,94.7,99.5,20.7,78.9,49.6,27.5,15.6,28.2,57.2,48,48.7,3,100,97.2,17.5,90.6,7
Karnataka,29,Raichur,5,94,53,64.9,99.7,29.3,54.3,31.7,39.8,23.2,40.7,73.6,60.4,59.9,5.2,88.9,80.2,21.9,68.8,8.9
Karnataka,29,Ramanagara,30,98.3,89.6,92,99.6,18.1,82.7,54.5,15.6,20,19.8,60.2,45.5,45.3,7.2,100,100,11.8,99.5,5.7
Karnataka,29,Shimoga,14,94.6,85.4,85.7,99.5,22.9,79.8,49.1,29,23.2,34.4,68.9,41.9,42.1,4.8,99.7,96.1,11.1,86.3,2.4
Karnataka,29,Tumkur,17,96.2,86.1,85.3,99.6,21.2,81.9,58.9,40.3,10.9,26.7,67.6,49.3,48.9,4.5,100,97.7,24.8,94.5,4.7
Karnataka,29,Udupi,15,81.5,94.5,67.8,99.6,19.5,90.3,55.4,23.1,17.6,21,58.3,47.3,47.2,3.5,98.9,89.9,4.4,95.5,0.7
Karnataka,29,Uttara Kannada,9,84.8,89.6,73.4,99.1,18.2,84.3,49.2,29.6,21.9,33.3,69,44.6,45,5.9,99.3,93.6,11.6,93.9,1.3
Karnataka,29,Yadgir,26,95.2,37.4,48.8,99,29.2,48.1,26.4,57.6,17.7,45.2,76,57.3,57.1,5.1,93.3,82.6,33.2,67.9,6.9
Kerala,32,Alappuzha,11,98.4,99.2,79.2,99.9,16.6,99.7,78.8,20.1,14.4,20.4,30.3,31.9,32,4.5,99.4,61.9,3.8,93.1,2.9
Kerala,32,Ernakulam,8,98.2,99.3,88.4,100,18.8,99.3,83.8,22,17.1,19.4,36.4,31.7,32.1,1.8,99.1,82.6,2.9,94.5,0
Kerala,32,Idukki,9,82.3,97.5,54.3,99,19,94.4,73.2,24.3,14.5,23.6,32,32,32.4,3.3,100,89.6,7.1,92.6,2.7
Kerala,32,Kannur,2,93.9,99.5,70.4,99.7,23.9,99.1,74.1,19.4,14,17.9,37.2,39.7,39.7,0.7,100,77.7,5.4,96.8,2.4
Kerala,32,Kasaragod,1,93.2,98.9,73.5,99.5,24.1,95.9,68.3,25.3,12.6,21.4,34.3,35.4,35.6,1.9,100,92.5,4.7,93.9,3.7
Kerala,32,Kollam,13,95.7,97.5,80.1,99.8,18.9,98.2,80.6,15.5,21.4,17,32.5,36,36.7,5.5,100,85.4,1.8,99.4,0
Kerala,32,Kottayam,10,97.1,98.6,72.5,99.6,18.8,99.7,85.8,23.4,8.4,17.3,36.8,38.7,38.6,10.2,98.7,0,1.6,94.1,2.8
Kerala,32,Kozhikode,4,93.3,99.6,73.8,99.6,19.9,99.1,84.3,21.3,14.1,18.9,32.1,29.8,30.2,2.3,100,88.8,4.2,96.5,3.8
Kerala,32,Malappuram,5,97.7,99.9,59,99.7,27,99.2,69.5,29.4,18.2,21.4,47.2,34.7,34.5,5.5,100,80.3,15.3,88.7,2.6
Kerala,32,Palakkad,6,94.7,99,67.5,98.9,19.3,94.4,63.2,29.7,21.7,27.7,51.9,49.6,50,2.7,100,51.8,14.1,87.5,4.4
Kerala,32,Pathanamthitta,12,94.1,98.9,60.1,99.6,16.4,99.7,84.5,22.7,11.4,11.2,44.2,36.4,36.9,4.7,99.1,0,0,97.9,0
Kerala,32,Thiruvananthapuram,14,92.9,95.4,72.2,99.9,20.3,98.5,83.1,19.5,17.4,15.2,33,33,32.5,6.4,99.5,72.8,6.2,98.1,4.6
Kerala,32,Thrissur,7,93.7,99.5,76.3,100,18.8,99.4,79.2,22,9.6,17.3,48.7,44.4,44.9,8.2,100,0,1,87.5,1
Kerala,32,Wayanad,3,94.1,97.6,55.7,97,21.2,93.7,68,31.3,16.1,22.5,39.4,26.9,27,1.4,100,86.4,8.4,84.9,2.6
Ladakh,1,Kargil,4,90.2,42.3,58.1,99.1,24.5,77.2,50.3,36.5,17.7,21.8,87.9,92,92.8,6.2,93.7,87.5,2.5,74.4,0
Ladakh,1,Leh (Ladakh),3,87.1,42.4,93.5,99.8,21,76.4,49.8,24.3,17.2,19,95.5,93.5,94.6,10.9,96.4,88.9,2.5,83,0
Lakshadweep,31,Lakshadweep,1,92.9,99.8,59.4,99.8,22.3,96.5,67.8,32,17.4,25.8,43.1,25.8,26,2.3,99.6,86.1,80.9,1.3,80.3
Madhya Pradesh,23,Agar Malwa,,81.4,72.3,39.5,99.5,23.6,55.5,19.3,40.3,18.7,35.7,71.6,59.2,59.5,0.8,98.9,75.8,35.6,67.6,5.3
Madhya Pradesh,23,Alirajpur,48,89.6,84.7,17.4,98.5,34.8,40.8,17.3,34.6,15.4,31.6,76.4,60.5,60.4,2.4,83.2,84.1,30.7,48.5,5.9
Madhya Pradesh,23,Anuppur,44,79.8,69.4,21.7,97,24.1,72.1,28.6,24,18.4,30.7,49.2,52.6,52.5,5.9,84.8,86.6,18.6,56.2,4.8
Madhya Pradesh,23,Ashoknagar,42,90.1,53.7,20.3,98.6,28.6,57,17.6,32.6,19.7,31.1,59.7,46.1,46.3,7.4,91.3,69.1,29.7,50.6,7.7
Madhya Pradesh,23,Balaghat,40,83.3,79.6,31.1,98.7,23.1,77.4,39.2,41.9,20.5,44.9,56.8,60.6,61,1.7,95.1,75.8,4.4,77.3,0.6
Madhya Pradesh,23,Barwani,24,90.4,61,40.5,99.3,33.3,49.3,19.3,45.8,18.9,41,78.2,58.4,58.5,4,85.1,76.1,29.6,51,9
Madhya Pradesh,23,Betul,30,87.1,59.8,36,98.1,24.3,72.7,38.7,30.8,21.7,31.4,57.8,56.2,55.8,5.3,87.6,80.9,11.2,62.5,2.4
Madhya Pradesh,23,Bhind,3,95.5,79.9,31,98.2,28.5,70.2,28.9,32.2,12.4,29,75.6,69.9,70.3,7,93.5,70.7,25.1,75.3,5.5
Madhya Pradesh,23,Bhopal,27,96.7,79.6,83.6,99.6,22.5,80,47.4,19.9,20.6,29.1,68.5,53.5,53.9,2.3,98.3,0,11.3,78.2,3.7
Madhya Pradesh,23,Burhanpur,50,96,74,68.2,98.3,27.9,64.7,26.3,38.7,27.9,47.2,77.9,57.3,58,6.2,90.7,91.7,17.8,66.1,1.8
Madhya Pradesh,23,Chhatarpur,8,86.5,55.5,30.1,96.8,29.6,60.5,24.7,45.1,17.5,34.6,87.2,63.5,63.4,6.2,85.2,72.9,39.2,63,6.6
Madhya Pradesh,23,Chhindwara,38,89.1,77.1,43.6,98.9,22.5,72.7,40.2,23.9,18.1,32.8,50.5,41.7,41.8,4,92.2,65.3,11.6,69.6,3.3
Madhya Pradesh,23,Damoh,11,81,40.6,28.1,97.3,28.4,61.6,24.8,40.3,16.2,32.3,76.3,48.1,47.9,10.5,85,60.8,28.6,40.9,5.9
Madhya Pradesh,23,Datia,5,95.8,66.8,31.2,99.8,24.1,67.2,27.8,36.8,16.4,29.4,72.8,58.6,58.6,5.7,89.4,79.6,27.7,72.9,6
Madhya Pradesh,23,Dewas,20,93.6,69.6,51,99.6,25,64.2,27.7,36.8,20.4,30.7,79.4,51.3,51.8,8.5,92.2,87.1,28.1,68.8,2.2
Madhya Pradesh,23,Dhar,21,89.2,61.9,44.8,97.6,26.9,55.6,23.8,28.8,29.5,35.9,65,50.2,49.5,5.5,95.5,75.4,26.5,57.9,7.7
Madhya Pradesh,23,Dindori,36,66.1,47.9,12.1,97.4,27.2,63.7,25.8,38.9,15.8,33.6,78.1,65.2,65,6.9,77.6,80.3,21.1,37.5,8.7
Madhya Pradesh,23,Guna,41,81.4,55.6,34.5,98.3,28.6,53.2,17.7,31.9,10.1,25.1,75.1,49.8,49.6,3.8,98,78.8,28.1,48.3,5.5
Madhya Pradesh,23,Gwalior,4,98.6,83.2,69.8,99.5,24.4,76,37.9,40.1,12.4,33,78.4,62.5,62.5,6.9,94.8,80.5,11.8,77.1,3.3
Madhya Pradesh,23,Harda,31,92.3,68.8,57.6,98.8,24.3,71.4,30.8,38.8,28,34.7,85.6,62.6,63.3,6.4,88.4,90.8,10,70.4,3.9
Madhya Pradesh,23,Hoshangabad,32,93.5,68.5,47.3,97.2,24.7,67.6,35.5,34.8,19.5,27.2,78.8,51.9,52.4,9.2,91.8,73.5,16.7,55.6,5.2
Madhya Pradesh,23,Indore,22,98.9,90,86.9,100,23.8,80.3,47.7,28.7,21.2,24.9,78.8,48.1,47.9,5.2,96.5,84.6,21.7,83.7,4.2
Madhya Pradesh,23,Jabalpur,34,98,61.9,28.5,99.7,23.4,68.2,30.4,18,26.4,31.3,37.8,48.9,48.6,8,94.7,0,7.2,56.2,13.6
Madhya Pradesh,23,Jhabua,47,85.2,57.6,17.5,98.9,38.9,37.1,16,49.3,17.9,41.7,80.1,58.8,58.7,2.5,92.9,88.9,36.5,50.4,6.7
Madhya Pradesh,23,Katni,33,94,53.5,29.5,97.9,25.3,67.2,32.5,49.5,21.8,44,78.7,58.7,59.2,9.1,91.8,86,17.2,55.5,1.7
Madhya Pradesh,23,Khandwa (East Nimar),49,88.7,76.7,48.3,99.3,26,65.8,27.9,38.4,20.7,35.3,86.8,64.8,66.9,4.2,93.2,87.9,10.8,68.4,2.8
Madhya Pradesh,23,Khargone (West Nimar),23,97,73.8,61.6,98.8,25.9,59.5,27.2,31.4,27.4,44,71.5,50.1,50.5,5.4,92.8,77.4,13.3,69.1,6.8
Madhya Pradesh,23,Mandla,37,79.7,58.4,22.3,96.8,25.1,66.5,30.5,32.1,15.9,33,70.2,60.6,60.5,9.2,87.6,88.9,15,53.4,2.6
Madhya Pradesh,23,Mandsaur,16,77.6,65.4,45.6,99.9,22.9,64.8,24.1,30.9,13.1,22.9,65.4,56.7,57,2.9,99.4,75.1,34.8,62.5,6.1
Madhya Pradesh,23,Morena,2,97.1,62.7,32.6,99.5,31.1,65.5,25.6,40,10.1,29.6,74.7,67.5,68.4,6.7,94.8,69.7,27.8,67.5,6.7
Madhya Pradesh,23,Narsimhapur,35,99.8,77,36.7,99,24.3,69.2,31.4,32,19.6,28.1,73.4,46.9,46.6,4,91.4,82.7,19.6,58.4,6.5
Madhya Pradesh,23,Neemuch,15,91.7,68.9,52.4,99.6,23.8,67.3,27.9,33,13.1,27.7,77.2,50.3,50.6,4.8,97.5,88.7,29.3,66.4,4.1
Madhya Pradesh,23,Panna,9,85.5,43.8,22.1,95.8,27.5,55.7,24,45.1,23.2,39.2,74.5,59,58.8,7.8,84,64.5,22.8,46,8
Madhya Pradesh,23,Raisen,29,92.4,69.6,38.9,99.3,26.1,75.2,34.6,30.4,21.1,25.4,61.1,56.9,56.9,7.1,96,0,12.6,59.3,1.7
Madhya Pradesh,23,Rajgarh,25,74.2,47.8,24.8,97.8,26.5,52.1,21.3,27.6,22.4,26.8,77.5,52.3,52.6,9.2,91.7,71.9,46,50.9,5.4
Madhya Pradesh,23,Ratlam,17,91,69.4,53.1,99,28.2,62.4,23.8,29,16.2,28.6,74,59.5,59.4,9.3,95.2,93,31.3,59.6,7.6
Madhya Pradesh,23,Rewa,13,82.1,46.1,21.4,96.5,28.6,62.3,23.1,37,18.7,31.5,78,61.7,61.7,12,80.4,70.3,28.2,40.3,4.8
Madhya Pradesh,23,Sagar,10,86.7,68.8,32.7,98.6,26.9,69.4,32.9,42.7,15.2,35.8,83.3,49.8,49.5,11.2,86.9,75.9,21.4,59,6.4
Madhya Pradesh,23,Satna,12,92.7,55.4,35.2,97.8,27.5,69.1,31.5,49.4,16.8,31.2,81.8,57.3,57.5,4,85.5,76.3,12.9,59.2,0.7
Madhya Pradesh,23,Sehore,28,92.2,75.2,33.7,99.2,25.6,64.3,28.2,21.9,20.3,27.6,82.4,45.3,44.8,8.9,94.7,60.3,21.7,49.8,4.2
Madhya Pradesh,23,Seoni,39,79.1,56.2,29,99.2,24.2,71.6,33,23.5,21.1,31.1,71.8,59.9,60,6.7,94.8,88.8,11.2,60.6,4.7
Madhya Pradesh,23,Shahdol,43,79.2,61.4,26.5,97.5,24.7,68.5,30.7,44,20.4,39.2,57.3,56.4,56.4,3.2,85.6,86.1,27.5,51,5.8
Madhya Pradesh,23,Shajapur,19,91.8,74.5,37.7,99.9,25,58,19.6,27.8,23.4,27.6,76.1,45.8,45.9,4,98.1,90,24.4,59.8,5.9
Madhya Pradesh,23,Sheopur,1,91.1,48,22.9,98,31,49.8,15.9,45.8,16.2,37.7,71.6,64.9,65.3,3.7,84.2,65.8,39.5,50.5,5.2
Madhya Pradesh,23,Shivpuri,6,86.8,55.5,32.7,97.2,27.8,56.7,21.2,39.2,18.4,36.1,70.5,51.1,50.7,6.8,94.5,63.1,32.5,58.7,6.7
Madhya Pradesh,23,Sidhi,45,83.7,44.7,20.9,96.4,30.7,64.4,27.1,39.1,16.6,32.8,72.5,55.7,55.7,9.6,83.8,78.2,23,37.9,3.6
Madhya Pradesh,23,Singrauli,46,77.9,52.6,31.7,92.7,29.5,60.7,29.9,37.3,25.2,36,56.6,54.1,54.4,3.8,69.9,76.9,24.7,54.7,4.4
Madhya Pradesh,23,Tikamgarh,7,80,56.6,32.1,99.7,26.6,67.7,25.8,27.5,19.7,34.9,67.5,49.1,49.9,4.4,89.8,79,32.6,71.3,5.4
Madhya Pradesh,23,Ujjain,18,94.7,72.8,60.7,99.3,23.7,64.3,29,34.7,29.8,36.2,81.6,54.5,54.8,7.4,97.1,93.7,33.4,74.4,5.1
Madhya Pradesh,23,Umaria,14,79.5,53.7,26.9,98.2,26.1,63,26.4,45.3,15.5,36.6,71.5,51.5,51.6,4.4,92.2,90.6,21.2,48.9,4.7
Madhya Pradesh,23,Vidisha,26,95.7,65.2,31.8,98.7,29,64.8,21.7,36.5,16.6,34.4,52.3,38.5,37.9,8.4,90.6,78,22.8,58.5,7.8
Maharashtra,27,Ahmednagar,26,90,79.5,77.4,94.5,23,86.2,45.7,31.7,24.9,41.2,64.5,50.3,50.5,15.9,97.9,83.5,26.9,84.2,10.8
Maharashtra,27,Akola,5,95.1,69.5,75.5,97.6,23.5,87.5,52.7,31.8,29.4,30.8,77.5,52.6,53.2,12,97.7,69.5,13.5,79.7,5.7
Maharashtra,27,Amravati,7,95.8,75.7,71.7,99.1,21.1,87.8,55,29,26.2,38,74.4,53.4,53.6,11.6,91.3,92.5,9.8,83,3.6
Maharashtra,27,Aurangabad,19,91.7,69.1,78.4,97,27.4,83.1,48.4,34.2,26.4,42.9,64.5,52.4,52.6,12.6,94.8,56.7,35.8,77.3,12.4
Maharashtra,27,Bhandara,10,92,81.8,71.4,98.8,22.5,89.1,53.9,31.3,28.4,33.9,72.8,65.3,65.4,3.9,100,87,1.5,93.1,3
Maharashtra,27,Bid,27,85.4,66.4,54.4,94.8,24,76.3,38.6,40.8,28.4,36.8,61,50.8,51,14.8,94,75.9,43.7,70.7,15.2
Maharashtra,27,Buldana,4,89.7,68.9,69.2,97.1,24,79.9,41.8,45,31.7,47.2,79.4,57.8,58.5,8.8,93.9,85.9,24.1,74.8,5.7
Maharashtra,27,Chandrapur,13,96.5,77.3,85.1,98.9,19.6,87.8,57.5,37.3,38.5,46.6,76.6,55.5,55.9,5.7,99.6,95,9,84.1,3.1
Maharashtra,27,Dhule,2,89.9,58.9,65.1,96,27.3,68.8,40.8,37.6,38.9,46,72.2,61.2,60.8,15.7,77.2,56.6,40.5,60.7,15
Maharashtra,27,Gadchiroli,12,83,62.4,60.5,95.8,22.7,79.4,42.3,35.7,30,35.4,76.6,66.2,67.1,4.7,97.3,97.9,10.1,80.9,5.1
Maharashtra,27,Gondiya,11,91.6,74.3,68,98.2,21.6,87.5,54.1,36.9,23.7,35.6,78,60.4,60.9,4.5,99.1,88.2,6.5,88.6,0
Maharashtra,27,Hingoli,16,92.4,69,53.1,98.1,24.8,76.5,33.2,37.4,25.8,38.9,72.5,51.3,51.2,10.1,94,76.9,37.1,77.2,14.4
Maharashtra,27,Jalgaon,3,94.3,59.7,79.5,96.8,25.1,76.5,40.8,36.3,30.5,36.9,85.2,65.2,65.3,6.7,86.5,61.3,28,70.1,10.7
Maharashtra,27,Jalna,18,82.8,63.6,56.4,95.7,26.9,71.8,34.3,38,22.2,39,68.3,58.2,58.7,19,92.8,54.3,35,71.8,10.1
Maharashtra,27,Kolhapur,34,97.3,82,84.7,98.8,20.7,90.7,53.8,33.6,18.9,34.7,66.4,50.1,50.1,3.9,99.2,67.2,21,91.9,8.8
Maharashtra,27,Latur,28,94.6,72.5,78.5,97.2,23.7,83.3,40.7,43.2,18,33.9,59.5,50.7,50.7,9.8,94.7,79.2,31,81,14.2
Maharashtra,27,Mumbai,23,100,58.6,98.3,99.6,16.2,94.3,71.1,26.6,25.3,29.6,72.8,45.9,46.9,3.5,99.5,0,4.5,99.1,1
Maharashtra,27,Mumbai Suburban,22,99.8,62.6,98.7,99.2,20.2,91.6,65.7,37.2,18.6,24.6,65.6,50,49.7,1.7,98.1,0,10,96.2,1.5
Maharashtra,27,Nagpur,9,99.5,88.9,96,99.5,20.9,94.6,67.6,27.6,34,33.9,70.5,53.6,54,4,100,89.4,7.1,88.5,0.9
Maharashtra,27,Nanded,15,94.8,68,64.5,96.4,24.8,71.9,31.6,36,19,35.2,76.1,57.3,57.5,14.4,94.8,75.7,32.2,76.8,8.7
Maharashtra,27,Nandurbar,1,94.6,54.1,40.3,96.2,26.6,57.7,29.9,45.8,30.7,57.2,79.3,64.2,64.1,9.8,76.3,72.4,24,47.5,10.6
Maharashtra,27,Nashik,20,86.3,68.3,72.5,95.3,25.5,80,42.6,42.2,27.2,44.8,67.3,56.2,55.4,19.2,90.5,70.4,29.6,79.3,14
Maharashtra,27,Osmanabad,29,96.4,71.2,69.7,96.8,24.7,83.7,41.5,37.2,16.1,32.5,67.4,49.1,49.3,9.2,98.1,89.3,36.6,86.5,16.1
Maharashtra,27,Palghar,,91.1,75.1,75,97.7,22.6,77.6,48.3,33,23.9,37.1,70.3,56.9,57.2,1.8,94.2,94,14.6,83.8,4.7
Maharashtra,27,Parbhani,17,89,60.1,54.8,96.8,29.5,73.4,28.8,37.6,22.8,41.8,75.4,58.8,59.4,18.6,85.6,52,48,75.3,13.7
Maharashtra,27,Pune,25,96.9,79.6,89.5,99.4,22.8,89,61.2,30.7,31.4,32.7,58.7,51.9,53.2,6.7,98,58.1,24,94.6,3.3
Maharashtra,27,Raigarh,24,87.8,74.8,83.3,97.9,21.3,79.2,45,35.8,19.1,34.1,67,54.2,53.8,3.8,96.6,92.3,16,89.6,7.5
Maharashtra,27,Ratnagiri,32,90.9,85.6,58.1,99.2,16.3,87.2,41.2,31.7,23.7,29.5,69.4,43.4,43.4,2.7,97.8,77.2,4.4,84.6,1.2
Maharashtra,27,Sangli,35,96.8,84.7,87.3,98.2,21.4,90.3,54.6,35,18.6,27.2,62.7,47.5,47.6,3.8,98,75,27,87.4,10.4
Maharashtra,27,Satara,31,95.6,78.7,82.1,97.9,20.6,87.2,48.3,20.2,20.5,28,68.9,49.6,50.2,10.4,97.1,82.8,18.1,87.2,7.7
Maharashtra,27,Sindhudurg,33,73.2,87.9,66,99.4,16.2,92.1,49.4,30.8,27.7,32,55.6,41.2,41.3,0.6,100,76.3,5,89.4,1.1
Maharashtra,27,Solapur,30,90.4,67.8,73.1,97.1,25.7,76.4,36,36.3,23.2,32.9,70.9,54.5,55.5,11.4,96.2,83.6,40.3,84.5,18.6
Maharashtra,27,Thane,21,96.7,74.7,90.4,99.3,22.5,90.5,55.9,40.8,17.8,30.8,67.9,58.8,58.8,3,93.6,74.9,18.4,91.5,4
Maharashtra,27,Wardha,8,98.5,80.2,83.9,98.8,20.4,93,56.5,27.7,28.1,31.3,71.4,60,60.7,6,98.8,92.4,9,94,2.2
Maharashtra,27,Washim,6,73.7,61.5,61.4,97.2,22,78,42,35.3,31.7,39.3,70.4,56.4,57,19.2,92.9,71.6,27.7,72.5,14.3
Maharashtra,27,Yavatmal,14,89.5,66.4,71.8,97.2,22.1,80.8,38.9,36.6,27.5,39.4,75.2,58.4,58.5,7.4,96.3,74.7,11.7,89.3,4.4
Manipur,14,Bishnupur,4,77.7,52.6,71.3,98.6,26.4,88.4,48.7,15.5,7.9,11.7,42.4,35.8,35.6,9.7,89.5,66.6,20.9,80.1,5.1
Manipur,14,Chandel,9,68.6,85.2,52,99.9,29.8,80.2,43.3,34,8.3,14.7,42.4,27.3,27.7,4.9,55.5,55.5,22.3,79.7,9.9
Manipur,14,Churachandpur,3,62.5,81.2,62.3,94,34.1,84.2,36.6,25.1,12.1,9.8,41.1,32,31,4,72.9,64.9,10.5,87.4,7.5
Manipur,14,Imphal East,7,90.2,59.5,79,98.6,26,90,49.9,18.4,11.7,14.4,50.3,35.9,36.3,11.7,91.7,76.2,15.2,76.4,9.5
Manipur,14,Imphal West,6,89.1,58.7,88.6,99.4,24.8,92.5,61.9,15.6,9.3,10.2,41.8,26.8,26.4,2.3,95.7,74.1,15.3,94.6,10.9
Manipur,14,Senapati,1,64.4,84.4,50,98.8,33,81.9,39.6,27.3,10.7,12.9,48.5,27.4,27.9,4.4,45.8,65,15.5,84.4,6.3
Manipur,14,Tamenglong,2,51.6,77.9,30.5,93.6,33.2,76.8,33.1,27.1,9.6,19.3,37,27.3,26.9,3.2,57.7,67.4,19.9,71,10.2
Manipur,14,Thoubal,5,72.5,61.3,74.7,98.6,28.5,85.4,40.7,31.5,8.3,14.9,39.7,24.2,23.8,3.7,87.8,74.2,17.5,81.6,7.5
Manipur,14,Ukhrul,8,50.9,81.4,22.9,95,30.9,86.9,49.7,27.1,11.6,16,34.6,21.9,21.6,2.1,44.6,39.4,11.1,80.6,9.8
Meghalaya,17,East Garo Hills,2,67,83.9,29.1,97.4,31.1,86.7,40.5,39.7,20.1,26.5,28,50.9,52.1,9.2,73.8,72.4,13.7,75.7,2.2
Meghalaya,17,East Jaintia Hills,,74.6,83.6,26.5,85.1,46.1,76,23,49.8,8.5,23.6,47.2,43.9,43.7,10.6,48.4,74.4,25.3,47.9,14.4
Meghalaya,17,East Khasi Hills,6,90,80.9,47.4,96.6,34.3,93.7,43.5,44.6,11.2,23.8,39,48.2,48.5,11.5,63.4,49.1,14.6,70.7,8.2
Meghalaya,17,North Garo Hills,,51.5,84.9,24.4,97.5,29.2,86.1,38.4,35.6,11.7,15.8,30.2,58.4,58.9,6.6,61.5,47.5,13.2,74.9,3.7
Meghalaya,17,Ribhoi,5,86.2,85.3,21,92.1,40.4,89.5,23.1,42.5,17.9,29.6,45.7,62.4,62.2,11.3,56.9,74.8,20.3,67.8,6.8
Meghalaya,17,South Garo Hills,3,60.4,88.4,22.3,98.6,31.4,88.6,38.4,29.8,18.3,20.8,33.6,56.2,57.7,5.4,88.3,86.8,10.2,66.6,1.1
Meghalaya,17,South West Garo Hills,,58.6,71.4,33.9,95.5,30.3,82.6,33,32.2,19.9,26.4,35.5,62.5,63.6,7.9,83.7,85.4,15.3,66.8,6.3
Meghalaya,17,South West Khasi Hills,,85.3,89.6,11.6,87.9,46.7,85.9,23.4,51.4,10.4,27.6,61.3,58.9,58.5,7.5,41.7,78.8,21.6,57.3,13.2
Meghalaya,17,West Garo Hills,1,83.7,86.3,47.6,94.7,30.8,89,45.1,39.5,14.9,26.3,30.2,55.3,57.2,7.8,89.6,77.1,10.4,79.6,1
Meghalaya,17,West Jaintia Hills,,70.6,75.1,20.7,75.4,44.8,80,24.7,48.7,9.7,28.3,54.6,55.9,55.3,13.7,42.2,59.7,19.9,32.6,11.9
Meghalaya,17,West Khasi Hills,4,80.5,87.8,8.6,85,50.6,87.4,16.4,59,8,31.1,56.2,51.8,52.1,10.1,41.7,62.5,30.3,48.9,12.9
Mizoram,15,Aizawl,3,98.3,96.1,95.4,99.7,25.1,98.9,60.7,25.3,7.3,9.6,44,31.7,31.6,7.1,97.4,66.4,3.2,92.7,2
Mizoram,15,Champhai,4,98.6,98.3,79.4,100,27.2,97.7,47.8,27.2,12.1,13.1,38.3,25.7,26.1,0.8,96.7,85.3,11,95,4.6
Mizoram,15,Kolasib,2,95.3,96.8,87.5,99.1,28.6,96.9,41.7,30.4,11.3,12.6,53.8,37.7,37.3,1.2,91.4,80.4,13.7,94.3,2.2
Mizoram,15,Lawngtlai,7,82.2,90.3,56.3,89,32.8,76,32.2,32.7,16.2,16.9,55.3,48.5,48.6,2.7,53.7,70.2,16,71,9.2
Mizoram,15,Lunglei,6,96,95.6,79.9,98,24.6,91.6,46.3,26.5,9.5,11.1,45.7,34.9,35.1,4,82.7,73.8,4.8,91.4,3.8
Mizoram,15,Mamit,1,97.3,92.7,73.3,97.9,30.7,89.6,40,26.4,7.4,13.9,45.5,34.9,35.1,0.6,75,85.9,16.8,89,10.3
Mizoram,15,Saiha,8,95.2,91.5,83.7,99.7,31.7,95.1,50.2,43.8,7.7,17.6,46.4,44.2,45.1,7.6,73.8,60.3,11.8,83,4.7
Mizoram,15,Serchhip,5,97.7,98.2,81.8,99.3,29,99.7,43.1,31.8,8.4,14.4,43.2,32.1,31.7,3.2,96.2,84.7,7.2,93.2,3
NCT of Delhi,7,Central,6,99.7,77,98.8,99.8,23.9,83.5,57.1,33.5,13.5,25.5,70.3,44.6,45.1,11,92.2,82.1,11.2,97.5,4
NCT of Delhi,7,East,4,98.4,78,99.1,99.5,24.6,83,57.2,35.2,15.7,29.9,65.9,42.5,42.6,14.2,92.6,74.6,12.8,96.7,1.3
NCT of Delhi,7,New Delhi,5,99.1,69.4,98.3,100,25.3,81.8,57.9,27.4,6.8,20.7,72.9,56,56.1,6.3,91.8,82.2,10.2,97.2,5.2
NCT of Delhi,7,North,2,98.2,89.5,99.7,99.9,25.8,83.8,59.8,38.7,8.8,21.8,62.5,45.9,46.1,11.5,89.2,86.4,5,98.6,1.6
NCT of Delhi,7,North East,3,99.7,88.2,99.1,100,24.4,85,62.9,26.9,10.9,22.8,73.6,51.4,51.7,10.8,94,78.3,10.1,95.6,3.7
NCT of Delhi,7,North West,1,99.3,70.2,98.1,99.8,25.9,80,53.9,25,8.9,17.4,67.5,47.2,47.1,12.7,89.7,66.2,17,94.8,8.2
NCT of Delhi,7,Shahdara,,99.8,83.4,99.8,99.9,23.2,83.9,58.4,32.9,21.2,30.2,71.4,49.2,49.4,8.7,95.8,82.5,7.3,96.6,3.6
NCT of Delhi,7,South,9,100,83.8,99.1,99.7,22.1,84.9,65.5,21.7,14.7,20.4,72.7,47.9,48.3,10.6,96.1,64.6,7.5,98.7,2.6
NCT of Delhi,7,South East,,99.7,86.2,99.3,100,22.8,87.5,68.4,27.1,10.6,16.8,70.1,56.4,56.7,6.9,92.5,77.3,7.5,98.6,4.7
NCT of Delhi,7,South West,8,100,89.5,97.7,99.9,22.9,86.1,61.6,33.4,9.4,18.9,65.4,46.2,46.3,9.5,82,86.2,6.6,97.2,1.5
NCT of Delhi,7,West,7,99.8,76.8,99,100,25.4,82.3,56.3,36.1,8.4,19,68.5,57.2,57.4,10.7,91.8,67.5,10.5,96.1,1.2
Nagaland,13,Dimapur,5,92.4,81.1,84.2,99.8,24.5,86.6,52.5,28.3,25,29.8,48.9,34.7,34.8,2.2,73.7,55.9,4.4,84.9,3.3
Nagaland,13,Kiphire,9,90.9,83.1,16.4,97.9,32.4,73.7,22,36.9,11,25,55.2,31.4,31.9,7.9,34.8,42.8,22.5,69.1,9
Nagaland,13,Kohima,10,89.9,87.4,61.7,99.5,18.7,95.2,70.9,28.3,26.9,22.1,38.4,14.9,15.6,0.5,66.9,82.8,1,92.6,1.3
Nagaland,13,Longleng,8,76.3,86.6,11.8,99.1,28.8,82,23.8,34.1,19.8,25.7,40.4,34.6,34.9,6.1,38.7,53,11,68.8,6.5
Nagaland,13,Mokokchung,2,97.4,96.7,46.2,97.7,20.4,94,55.8,31.4,11.7,22.9,35.5,25,25.8,2.4,51.5,92,6,90.2,0.7
Nagaland,13,Mon,1,86.7,86.4,13,96.4,23.5,78.2,24.3,35.5,7.8,23.3,39.4,30.2,30.4,4.7,21.4,62.4,3,66.5,2.8
Nagaland,13,Peren,11,92.5,89.4,31.4,98.2,28.5,77.6,35.5,34.9,9.1,20.7,51,29.7,29.9,3.4,43.5,63.3,9.1,68.1,4.4
Nagaland,13,Phek,6,98.1,90.1,24.2,99.4,24.3,85.8,39.4,28,12.9,15.6,44.9,30,31,1.9,32.2,54.6,6.5,71.1,4.3
Nagaland,13,Tuensang,7,90.4,92,19.7,96.6,32.8,77.8,27,37.1,24.6,34.2,38.8,28.8,29.3,5.5,34.8,39.9,10.4,72.8,6.7
Nagaland,13,Wokha,4,83.4,88.5,41.2,99.7,21.4,91.6,45.3,26.3,23.5,28,45.4,30.9,31,3.6,43.6,42.8,3.2,90.6,5.2
Nagaland,13,Zunheboto,3,91,88.9,18.6,99.4,22.2,87.1,40.2,44,26.9,44.5,34.9,31.1,30.6,1.8,35,60.7,4,86.8,3.5
Odisha,21,Anugul,15,76.2,66.4,23.8,96.7,24.5,72.4,33.7,28.1,25.1,30.5,75.3,75.8,75.8,12,85.7,87,25,86.5,12.2
Odisha,21,Balangir,24,92.9,66.3,32.6,97.8,23.9,68.1,31.4,32.7,25.5,37.6,74.9,59.4,59.7,2.3,97.9,95.8,14,82.4,3.7
Odisha,21,Baleshwar,8,98.5,70.9,28.4,97.1,25,73.8,38.3,24.4,15,22.6,43.2,61.8,61.5,18.3,97.6,94.1,26.4,85.1,8.3
Odisha,21,Bargarh,1,98,61.9,31.9,98.4,22.2,71.6,37.4,38.9,18,30,56.2,62.6,62.8,4,99.6,95.9,8.6,84.6,3.3
Odisha,21,Baudh,22,92.5,52.9,30.9,96.3,25.9,68.8,29.9,37,20.1,38.6,56.2,54.1,54.6,7,93.4,91.8,25.3,79.8,13.7
Odisha,21,Bhadrak,9,100,62,22.9,97.8,26.8,80.1,37,32.3,15.8,28.9,68.7,64,63.8,13.8,96.1,83.7,10.4,86.9,7.2
Odisha,21,Cuttack,12,92.3,60.2,45.1,98.2,21.3,80.1,40.9,20.4,14.2,18.9,63.8,64.5,64.7,8.3,98.9,90.4,14.2,88.7,5.7
Odisha,21,Debagarh,4,86.2,69.9,18.4,95.3,25,66.7,31.3,28.4,27.3,34.3,61.5,72.2,72.1,13.4,91.2,100,19.2,79.4,8.5
Odisha,21,Dhenkanal,14,63.4,58.2,28.8,96.3,25.4,74.1,33.3,33.3,22.7,30,62,65.9,66.1,9.5,94.8,88.6,23.7,84.9,9.3
Odisha,21,Gajapati,20,78.1,58.3,28.9,94.1,28.2,47.6,22.5,43.4,16.1,34.3,64.4,66.1,65.6,6.4,76.4,92.6,28.1,75.8,5.8
Odisha,21,Ganjam,19,89.6,72.9,63.7,99.3,24.6,69.5,32.6,23.9,10.2,18.9,61.3,56.7,56.9,10.6,93,88.5,22.3,83.1,11.4
Odisha,21,Jagatsinghapur,11,99.5,60.1,30.5,98.2,20.4,84.8,46.6,13.2,10.7,11,58.2,59.8,60.4,11,98.3,91.3,12,92.8,2.6
Odisha,21,Jajapur,13,92,47.4,28.4,97,25.4,75.8,38,25.5,15.9,21.8,66.4,63.4,63.4,12,93.8,79.5,11.4,83.4,7.7
Odisha,21,Jharsuguda,2,88.4,70,41.8,98.1,19.6,79.1,40.9,27.1,16.9,26.9,65.5,67.8,68.1,5.9,98.6,97.6,8.5,89.1,1
Odisha,21,Kalahandi,26,96.5,64.4,28.9,97.2,25.8,61.8,26.5,33,17.2,33.6,68.8,64.2,64,4.2,92.8,91.3,16.3,70.5,1.9
Odisha,21,Kandhamal,21,64.4,52.4,24.1,96.6,29,68.5,28.1,34.2,23.3,35.2,55.3,48.9,48.8,5.3,93.9,96.8,20,75.3,4.2
Odisha,21,Kendrapara,10,99.7,57.3,27.9,99.5,25.1,84.4,42.5,28.6,7.9,17.9,61.5,58.8,58.9,10.4,96.7,82.8,9.4,85.6,1.8
Odisha,21,Kendujhar,6,92.9,47.6,27.9,91.1,27.2,64.6,29.5,36.2,23.8,37.1,64.6,69.2,69,15.3,80.4,86,29,79.6,12.2
Odisha,21,Khordha,17,94.6,73.2,63.3,99.5,22.2,84.9,43.2,17.1,13.2,16.9,56.1,68.1,67.9,9.9,97.8,87.9,17.1,93.5,5.3
Odisha,21,Koraput,29,89.5,39.4,31.5,96.2,29.7,40.6,17.6,43.1,15.9,33.5,69.7,58.2,58.2,8.3,82.1,98,35.5,67.2,8.4
Odisha,21,Malkangiri,30,94.7,41.4,20.9,95.8,34.1,39,14,44.3,19.3,41.6,78.7,71.9,71.8,3.8,90.7,94.8,32.4,64.7,11.7
Odisha,21,Mayurbhanj,7,80.1,54.4,16.1,90.3,26,58.6,25.1,36.7,28.5,45.9,71.7,72.2,73,17.5,91.7,84.4,31.3,76.2,17.2
Odisha,21,Nabarangapur,28,99.1,44.1,19,97.4,31.8,38.5,15.5,44.1,25.2,46.6,70.8,69.3,69.7,3.6,87.6,94.8,39.4,60.1,8.3
Odisha,21,Nayagarh,16,82.9,67.1,42.3,98.3,23.1,80.4,27.1,20,10.5,20.2,55.2,62.5,62.6,10.6,98.3,96.1,35.7,89.6,10
Odisha,21,Nuapada,25,97.5,58.4,23.2,94.6,27.2,53.5,27.3,43.1,18.1,38,73.5,64,64.3,7,89.8,97,15.6,65,3.9
Odisha,21,Puri,18,98.5,67.3,34.4,99.5,21.6,86.4,38.1,13.8,8.9,11.3,51,63.3,63.3,11.8,97.7,95.8,10.2,92.7,4
Odisha,21,Rayagada,27,91.3,50.5,30.2,96.6,30.9,42,19.1,43.6,16.1,39.8,70.5,69.1,68.8,5.1,68.9,92.7,33.2,63.5,9.2
Odisha,21,Sambalpur,3,93,62.4,42.6,98.8,22.6,71.1,36.5,40.7,25.5,36.3,64.5,66.7,67.1,7.6,99.5,98,7.4,86.1,0.9
Odisha,21,Subarnapur,23,94.2,66.7,41.6,98.7,23.5,76.1,37.8,29.6,26,34.5,73.1,58.8,58.8,5.3,96.1,98,16.9,79.1,6.3
Odisha,21,Sundargarh,5,91.5,65.5,40.2,97.1,21.9,70.8,35.6,32.9,21.1,34.7,77.1,69.8,69.8,5.4,91.3,82,12.9,87.7,5.4
Puducherry,34,Karaikal ,4,99.9,84.3,81.2,99.6,21.9,88.8,59,25.5,15.3,19.7,65.5,54.4,53.7,1.6,99.6,88.9,7.2,100,0.6
Puducherry,34,Mahe ,3,98,99.8,90.9,99.7,16.8,99.6,88.2,48.2,7.3,32.6,36.9,38.4,38.8,0,100,95.3,2.8,98.5,0.7
Puducherry,34,Puducherry,2,100,84.6,95,100,20.1,90.1,67.2,17,11.6,13.1,66.3,56.8,57.5,4.5,99.5,80.1,5.7,99.2,5.3
Puducherry,34,Yanam ,1,100,84.1,98.6,99.8,21.8,82.2,51.6,25,12.4,18.7,39.7,43.1,43.5,2.5,100,79.7,15.9,93.1,4.8
Punjab,3,Amritsar,15,99.6,86,82.9,99.9,22.9,80.2,56.7,19.4,11.9,11.2,73.6,52.1,52.6,2.9,95.9,65.8,9.2,96,4.4
Punjab,3,Barnala,20,99.8,90.7,73.5,99.8,21.7,77.9,53.1,33.8,9.4,16.5,60.6,55.2,55.2,11,96.7,68.5,12.8,90.8,2.6
Punjab,3,Bathinda,12,99.1,88.4,78.1,100,21.5,69.2,41.1,23,15.4,23.8,69.6,59.7,59.7,13,93.1,66.5,14.2,84.6,3.9
Punjab,3,Faridkot,11,92.5,87.5,79.1,99,23.4,72.6,46.5,28.1,10.3,20.7,76.1,63.2,63.4,9.4,94.3,70.8,11.9,91.5,4.7
Punjab,3,Fatehgarh Sahib,6,99.7,87.6,74.3,99.6,21.1,86.9,62.3,30,7.1,18.2,61.5,65.1,64.7,3.1,96.6,83.6,7.3,98,1.5
Punjab,3,Fazilka,,97.3,81.8,57.1,99.8,23.7,69.4,41.3,35.9,9.5,20.2,70,66.9,67.1,5.2,91.7,60.5,12.4,85.3,2.6
Punjab,3,Firozpur,9,95.6,84.8,68.6,99.6,23.7,75.4,47.5,30,12.9,22,73.4,61.5,61.4,2.5,95.5,74.5,10.5,93.7,1.9
Punjab,3,Gurudaspur,1,97.6,85.4,81.3,99.1,23.7,82,64.6,25.1,9.5,15.3,70.1,55.2,55.7,2.3,92.4,80,6.5,91.8,8.2
Punjab,3,Hoshiarpur,4,99.9,89.7,77.3,99.9,19.9,91.3,73.2,19.3,11.5,12.4,69.6,54.1,54.2,1.7,98.3,92.9,4.7,97.4,1.6
Punjab,3,Jalandhar,3,99.9,88.2,82.3,99.6,21.7,86.8,64.4,24.8,10.3,16.7,69.2,57,57.3,4.1,92.3,91.3,7.4,96.8,0.7
Punjab,3,Kapurthala,2,99.4,87.7,84.2,99.8,21.8,84.1,60.3,24.6,12.8,19.2,68.7,54.5,54.7,3.3,95,65.7,6.9,95.6,2.5
Punjab,3,Ludhiana,7,99.9,84.6,83.2,99.7,21.3,82.4,61.6,22.1,5.9,12.4,77.9,64.3,65,5.6,90.1,73.2,6.5,95.7,1.8
Punjab,3,Mansa,13,99.3,85.4,52.3,99.5,23,67.4,37.5,36.6,12.1,22.7,78.2,60.4,60.2,2.9,88.8,79.1,11.5,88,2.7
Punjab,3,Moga,8,99.2,87.8,71.5,99.9,22.8,74.7,45.2,22,12,16.8,70.3,54.4,54.7,7.4,93,80.6,13.1,90.5,4.3
Punjab,3,Muktsar,10,97.8,82.9,72.9,99.5,23.2,71.1,39.8,35,13.6,30.7,69,61,60.9,7.5,96.4,57.6,8.6,90.5,2.7
Punjab,3,Pathankot,,98.6,79.2,79.8,99.9,20.9,88.7,74,22.1,10.3,10.8,68.3,55,55.8,2.7,94.8,77.4,4.6,96.8,2.7
Punjab,3,Patiala,14,99.1,88.1,80.4,99.7,20.2,76.6,56,20.3,9.9,16.9,76.7,65.3,65.1,5.8,97.3,74.7,7.8,95.7,5.2
Punjab,3,Rupnagar,17,98.5,84,63.9,99.8,21.5,86.6,64,15.1,9.1,15.3,65.5,64.5,64.4,3.2,97.8,76.5,2.4,95.8,0.6
Punjab,3,Sahibzada Ajit Singh Nagar,18,99.9,87.6,88.9,99.6,20.9,83.5,62.5,26.2,10.7,23,63.7,59.5,59.6,5,97.4,71.1,10.6,95.9,2.9
Punjab,3,Sangrur,19,99.7,92.4,69.8,99.6,21.2,78.3,54.4,23.4,10.4,18.1,66.9,52.6,52.7,6.4,94.7,89.6,8,89.8,1.4
Punjab,3,Shahid Bhagat Singh Nagar,5,99.7,91.3,76.4,100,20.9,88.1,65.4,17.9,12,11.2,63.9,49.8,49.9,1.2,99.3,100,6.4,97.3,2.8
Punjab,3,Tarn Taran,16,95.6,82,66.2,99.7,25.8,66,40.4,23.8,11.3,14.4,70.5,61.7,61.9,0.9,96,81.8,10.7,92,5.2
Rajasthan,8,Ajmer,21,98.1,77.5,52.9,99.9,26.7,68.4,40.2,22.3,20,23.1,76.3,52.7,52.5,4.2,95.1,78.9,20.2,84.3,5.5
Rajasthan,8,Alwar,6,97.6,66,34.9,97.8,29.4,63.2,35.1,33.9,15.6,24,63.2,53.2,53.3,6.1,91.3,59.4,32.2,84.9,8
Rajasthan,8,Banswara,27,95.6,40.8,21.1,93.1,31.7,53.1,28.5,44.6,17.3,38.7,82.1,52.8,53.1,3.8,97.7,83,25,61.3,5.2
Rajasthan,8,Baran,30,96.1,59,39.6,98.3,28.4,57.9,24.4,46,21.3,40.2,65.1,60.1,60.1,5.4,97.3,89.3,26.8,74.7,3
Rajasthan,8,Barmer,17,99.9,83.6,26.8,95.5,31.4,66.3,25.6,39.1,11.5,31.7,67.1,49.4,50,9.4,93.3,92.9,20.2,86.3,2
Rajasthan,8,Bharatpur,7,93.9,62.7,24.3,98.3,31.7,61.1,30.3,40.3,12.2,29.1,75.7,60.8,61,15.3,92.1,64.1,33.5,77.7,5.1
Rajasthan,8,Bhilwara,24,93.1,62.3,26.5,99.3,29.2,56.4,25.3,22.6,17.4,23.5,62.7,50.4,50.7,3.9,95,83.2,41.8,76,5.4
Rajasthan,8,Bikaner,3,94.9,79.8,51.4,96.1,30.2,62.5,30.2,22.8,25.6,28.5,82.4,58.9,59.4,3.6,90,75.6,33.3,90.2,6.5
Rajasthan,8,Bundi,23,95.7,56.3,26.5,98.4,28.4,56.9,27.4,30,19.6,29.1,74.9,55.9,56.3,7.4,95.3,75.7,34.1,77.6,2.3
Rajasthan,8,Chittaurgarh,28,97.6,63.8,31.3,99,26.1,56.1,24.8,31.4,14.6,25.9,72.4,45.1,45.4,5.2,96.8,87.8,42.6,67.5,3.5
Rajasthan,8,Churu,4,98.2,80.2,40.6,96.6,29,63.9,33.4,27.1,16.5,23.4,78.1,52.9,53,6.2,87.8,74.3,27.9,87.9,4.2
Rajasthan,8,Dausa,11,99.4,59.4,22.6,99,29.2,60.3,34.6,37.7,20.7,33.5,74.4,60.3,60.3,7.3,98.2,92.1,26.3,86.9,3
Rajasthan,8,Dhaulpur,8,94.8,57.5,36.5,97.5,34.9,57.7,27,45.7,13.7,31.3,81.7,68.5,68.8,10.8,94.4,85.9,29.6,76,7.2
Rajasthan,8,Dungarpur,26,94.1,59.9,27.3,99.4,28.8,66,32.5,31.4,15.6,25.9,79.8,72.6,73.6,5.7,94.1,83.3,16.9,85.5,4.4
Rajasthan,8,Ganganagar,1,94.4,83.4,45.5,96.9,24.9,69.3,39.3,24.5,24.9,26.1,72.3,59,58.8,3,97.7,89.7,13.6,92.3,2.4
Rajasthan,8,Hanumangarh,2,97.8,83.8,36.2,99,25.1,68.2,38.4,24.2,19.8,21.3,81,60.3,60.4,2.2,94.9,83.3,18.6,92,2.8
Rajasthan,8,Jaipur,12,99.9,79.6,60.1,99.5,25.6,72.4,47.9,25,14.6,20.8,71.3,54.1,54.4,4.3,97.3,89.3,23.1,91.8,1.8
Rajasthan,8,Jaisalmer,16,95.2,75.7,30.9,97.3,32.9,62.2,18.7,25.5,25,31.7,58.6,44.4,44.7,7.7,90,72,28.9,82.8,1
Rajasthan,8,Jalor,18,98.3,77.4,36.5,98.4,31.1,60.4,22.2,44.3,12.1,36.5,66.3,59.9,60.8,5.2,95.5,78,23.3,79.8,2.9
Rajasthan,8,Jhalawar,31,92.4,62.1,33.8,99.3,25.7,54.3,22.4,34,29,38.1,73.1,51.5,51.7,3.7,98.3,81.5,37.8,62.1,5.6
Rajasthan,8,Jhunjhunu,5,98.4,79,55.5,99,24.8,74.4,45.2,20.9,13.9,19.6,77.2,55.4,55.5,3.7,97.1,88.7,18.1,93.6,0.8
Rajasthan,8,Jodhpur,15,96.5,75.4,56.1,98.4,30.3,67.4,34.6,32.6,13.3,25.4,64.4,43.4,44.2,5.3,90,81.2,28.1,89.5,5.1
Rajasthan,8,Karauli,9,94.8,49.9,24.2,98.7,32.1,53.3,22.7,37.6,26.6,37.3,75.9,61.5,61.1,6.4,97.6,88.9,33.5,73.8,7
Rajasthan,8,Kota,29,99.6,79,72.3,99.4,23.9,76.5,44,29.5,20.8,26.4,66.7,51.8,51.8,6.4,97.9,84.4,13.2,83.3,0.5
Rajasthan,8,Nagaur,14,96.9,79,45.7,99,27.6,67.2,32.3,31.5,16.2,26.2,65.1,45.3,45.6,4.6,97,80.6,28.2,86.6,0.9
Rajasthan,8,Pali,20,96.2,81.8,53.1,99.7,27.3,74.4,36.6,35.9,18.3,35.9,72.6,58.8,59.7,6.3,98.8,90.2,11.8,94.1,2.2
Rajasthan,8,Pratapgarh,33,88.6,46.3,23,97,30.7,53.5,23.5,29,24.9,31.8,65.8,53.1,53,5,96.4,75.8,30.9,67.6,3.2
Rajasthan,8,Rajsamand,25,94.8,72.1,37.1,98.9,27.6,67.7,33.9,30.3,16.6,23.7,84.3,58.4,58.6,8.2,95.1,71.7,27.5,77.9,3.2
Rajasthan,8,Sawai Madhopur,10,92.5,71.2,29.1,95.5,28.9,55.7,28.3,26.9,22,24.2,73.3,57.5,57.6,8.7,97.4,54.9,35.4,78.2,2.9
Rajasthan,8,Sikar,13,99.4,77.9,58.4,99.2,27.5,71.8,41.4,23.1,12.8,18.3,61.5,44,44.3,5.9,95.8,70,18,94,3
Rajasthan,8,Sirohi,19,93.6,54.1,46,93.9,29.5,60.6,25.7,30.7,16.4,31.2,75.8,64,65.3,7.5,95.7,86.4,18,74.2,4.4
Rajasthan,8,Tonk,22,90.9,66.2,24.1,97.8,25.9,55.2,27.3,33.1,18.1,28.2,64.6,52.8,52.9,8.6,97.4,75.3,37.2,82.2,3.1
Rajasthan,8,Udaipur,32,92.7,60.3,34.3,98.1,27.6,62,30.1,34,8.6,26.6,76.9,60.5,61.4,6.9,96.1,86.8,18.2,85.7,4.5
Sikkim,11,East District,4,93.6,85,87.6,99.4,19.3,90.1,53.2,17.8,14.3,13,49.8,43.3,43.3,6.5,91.8,0,9.4,84.8,1.7
Sikkim,11,North District,1,94.7,83.8,65.9,98.9,21,81.4,37.7,31.8,4.5,15.3,53.5,36.7,37,7.2,97.3,90.8,16,75.3,3.8
Sikkim,11,South District,3,93.3,91.7,66.5,99.6,19.9,90.5,45.7,24.8,8,7.2,56.5,39.8,39.9,4.5,97.4,86.4,9.9,85.3,8.7
Sikkim,11,West District,2,89.9,88.9,69.8,98.8,19.2,85.7,43.9,25.2,21.1,19.3,67.1,42.7,42.6,3.3,99.3,96.9,14.1,92.4,2.5
Tamil Nadu,33,Ariyalur,15,93.2,54.6,46.7,98.2,22.4,74.6,50.7,25.3,15.1,20.1,62,62.4,62.4,5.6,100,90.8,12.4,98,11.5
Tamil Nadu,33,Chennai,2,98.7,90.4,97.7,99.9,18,94.8,76.7,20.4,18.3,21.9,55.3,50.3,50.5,4.1,100,96.6,1.9,100,3
Tamil Nadu,33,Coimbatore,31,99.9,78.5,95.5,99.4,19.3,89.3,62.8,23,7,18.5,37.8,48.9,48.8,2.9,100,94.5,19.8,99.7,10.3
Tamil Nadu,33,Cuddalore,16,99.5,61.3,75.6,99.2,22.9,78.3,50.1,20.2,13.9,18,64.8,58.6,58.6,3.4,99.2,79,12.6,99.1,4.9
Tamil Nadu,33,Dharmapuri,29,98.7,72.4,82.5,99.4,23.8,79,54.4,28.7,16.9,23.2,54.2,42.5,42,3.2,99.6,90.6,16.7,97.5,6.4
Tamil Nadu,33,Dindigul,11,99.5,61,76.3,98.8,24.4,78.2,50.1,27.1,21.1,28.4,50.2,42.6,42.9,2.3,97,92.6,20.5,98.9,8.6
Tamil Nadu,33,Erode,9,98.9,67.6,95.9,99.6,18.2,82.4,57.8,19.4,20.9,26.9,46.5,55.4,55.3,1.5,100,95.9,13.7,98.7,14.8
Tamil Nadu,33,Kancheepuram,3,99.4,75.9,88.1,99.4,19.2,82.6,56.8,20.6,15.7,19.8,68.8,57,57,3.1,100,69.1,10,97.8,2.5
Tamil Nadu,33,Kanniyakumari,28,98.2,96.2,74.4,99.8,20.8,97.7,77.1,17.3,11.4,14.5,39.1,45.6,45.5,0.9,100,96,4.3,98.6,4
Tamil Nadu,33,Karur,12,99.4,63.6,72.5,98.7,19.1,78.2,51.2,33.6,18.4,36.3,73.2,65,65.5,5.6,100,82.5,13.3,97.9,3.3
Tamil Nadu,33,Krishnagiri,30,99.8,75.9,86,99.2,24.2,78.6,53.9,29,10.4,19.3,46.5,44,44.3,1.1,99.6,87.3,20.3,98.1,9.5
Tamil Nadu,33,Madurai,22,98.7,80.1,91.2,98.9,19.9,83.9,58.6,32.4,9.5,21.5,54.3,48,48.3,4.3,100,88.8,11.5,98.2,4
Tamil Nadu,33,Nagapattinam,17,100,69.6,59,99,20.8,87.8,53.7,32.3,12.5,24.3,60.9,62.6,63.2,5.7,99.7,93.8,6.3,96.2,5.2
Tamil Nadu,33,Namakkal,8,99.5,75.2,89.7,99.2,17.3,87.7,55.7,25.2,10.3,15.7,67.9,51.9,51.9,4,100,83.9,14.2,97.8,6.5
Tamil Nadu,33,Perambalur,14,100,57.4,75.1,99.1,22.6,81.1,49,29.1,15.9,22.3,69.2,66.1,66.9,4.3,100,92.5,21.4,97.8,7.7
Tamil Nadu,33,Pudukkottai,20,95.7,55.2,42,98.9,23.7,81.1,52.2,32.2,9.5,21.6,71.1,62.5,62.5,5.1,100,83.3,11.6,95.1,11.3
Tamil Nadu,33,Ramanathapuram,25,93.9,78.6,82.7,99.3,24.4,84.1,53.7,26.4,17.7,21.6,57.2,53.6,53.8,3.3,99.6,90.4,14.7,98.3,6
Tamil Nadu,33,Salem,7,97.6,64.5,84.5,99.5,20.1,81.6,51.3,23.6,10.1,20.8,51.3,46.3,46.5,0.7,100,77,23.7,98.6,8.9
Tamil Nadu,33,Sivaganga,21,96.5,74.4,75.2,99.4,21.8,85.3,59.9,27.6,22.8,28.4,56.4,51.5,51.6,2.6,100,89.4,4.5,99.9,9.6
Tamil Nadu,33,Thanjavur,19,99.7,79.6,69.4,98.8,19.6,83.8,54.3,19.6,8.3,21.9,64.8,59,59.1,4.8,100,78.5,4.1,98.2,8.4
Tamil Nadu,33,The Nilgiris,10,96.4,83.6,81.5,98.6,19.7,89.1,63.4,26.7,17.3,23.2,45.9,44.2,44.4,1.3,100,90.1,11.1,96.7,4.5
Tamil Nadu,33,Theni ,23,99.9,74.4,89.9,99.4,23.8,85.7,56.9,20.2,15.5,18.8,46.8,41.2,41.3,3.8,100,95.2,16,99.7,13.5
Tamil Nadu,33,Thiruvallur,1,100,75.6,93.4,99.8,21.6,83.6,57.2,18.1,17,20.6,58.4,56.8,56.9,5.2,100,88.6,13.4,98.8,5.8
Tamil Nadu,33,Thiruvarur,18,100,71,58.9,98.6,19.6,89.3,57.5,19.8,18.4,21.5,45,58.2,58.3,4.3,100,97.1,9.1,98.4,2.7
Tamil Nadu,33,Thoothukkudi,26,97,79.4,90.7,100,20.9,88.5,59.5,20.3,18.4,21,55.6,55.9,56.3,4.8,100,100,8.9,99.4,0.9
Tamil Nadu,33,Tiruchirappalli,13,98.1,67.1,71.2,99,21.5,83.6,57.1,27.6,20.9,27.4,82.3,62.4,62.5,5.2,98.6,97.1,13.5,96.5,4.5
Tamil Nadu,33,Tirunelveli,27,98.1,79.8,87.9,99.5,22.1,85.6,54.2,29.4,12,22.7,49.9,51,51.5,2.7,100,93.3,10.7,97.2,4.3
Tamil Nadu,33,Tiruppur,32,99.8,75.9,95.4,99.5,17.8,87.1,55.1,21.5,15.3,23.1,44.8,55.2,55.9,1.5,100,0,10.5,98.5,5.1
Tamil Nadu,33,Tiruvannamalai,5,98.5,61.7,70.7,99,20.9,79.8,50.2,30.6,14.8,25,64.7,56.6,56.3,6,99.1,97.1,11.6,98.7,8.5
Tamil Nadu,33,Vellore,4,97.7,76.2,85.3,99.3,22.4,81.6,52.5,29.8,13.1,19.7,60.9,50.6,50.7,2.8,99.5,92.7,14.9,98.5,4.9
Tamil Nadu,33,Viluppuram,6,98.4,53.8,68.6,99.7,24.8,75.4,45.7,23.9,12.4,20.5,73.4,62.5,62.6,5.6,99.1,88.5,19,98.3,7.9
Tamil Nadu,33,Virudhunagar,23,97.4,59.8,90.5,99.5,21.4,84.1,53.5,29.2,14.4,23.7,58.9,56.9,57.1,9.3,97.8,76.7,15.5,97.3,3.6
Telangana,36,Adilabad,1,95.7,50.8,81.6,99.2,24.8,64.8,41,45.7,29.5,52,76.3,61.1,61.1,10.3,94.1,69.3,21.4,77.9,7.8
Telangana,36,Bhadradri Kothagudem,,99.1,75.3,89.2,99.4,19.5,68.7,41.8,28.4,21.8,25.3,69.3,68.7,69.3,9.2,97.4,80.4,20.8,92.9,13
Telangana,36,Hyderabad,5,99.6,84.4,99.5,99.9,23,83.6,63.2,30.4,17.7,18.9,63.6,52.7,52.5,1,98.3,73.8,10.6,94.2,2.2
Telangana,36,Jagitial,,97.3,76.5,94.7,99.3,24.1,62.4,43.5,29.9,17.5,32.3,59.9,56.3,56.4,4.1,94.4,77.7,28.4,90.2,3.1
Telangana,36,Jangoan,,99.4,84.3,91.1,99.3,19.1,65.5,44,33.4,22.9,30.9,69.5,57.5,57.3,10.8,99.6,84.2,20.3,93.6,6.5
Telangana,36,Jayashankar Bhupalapally,,95.1,65.6,90.3,99.3,18.5,58.9,36.3,32.5,31.8,36.7,67.9,65.9,66.4,7,99.5,87.9,24.9,90.8,13.2
Telangana,36,Jogulamba Gadwal,,97,73.7,86.1,99.8,26.8,45,27.4,49.7,17.3,41.7,82.4,64.6,64.1,5.4,94.2,86.9,34.6,77.3,15.9
Telangana,36,Kamareddy,,99.4,68.2,82.3,99.5,23.4,58.6,35.6,33.4,34.5,43.9,71.6,58.9,59.5,7.1,97.1,75.5,30.8,88.3,1.1
Telangana,36,Karimnagar,3,98.3,78.8,94.9,99.7,20.1,70.3,50.8,30.3,13.9,27.5,70.8,61.1,61.1,13.5,98.4,73.4,11.9,94.1,7.6
Telangana,36,Khammam,10,98.4,84.5,97.1,99.7,19,66.3,40.9,22.2,24.7,26.2,60.5,62.4,62.2,6.7,97.9,86.6,35,95.4,10.9
Telangana,36,Komaram Bheem Asifabad,,93.6,54,85.8,97.8,23.7,51.7,28.7,38.1,35.7,41.1,70.7,67.3,67.3,7.1,82,76.2,25,79.6,4.6
Telangana,36,Mahabubabad,7,98.2,68.6,86.6,99.6,21.8,58,34.7,33,19.3,26.3,81.1,62.8,63,11.2,97.7,76.1,28.3,92.8,6.6
Telangana,36,Mahabubnagar,7,99.6,73.7,85.9,99.4,27.8,59.6,40.4,42.6,17.8,33,82.6,54.7,55.1,4,98.1,89.4,23.4,95.6,9.2
Telangana,36,Mancherial,,95.6,78.1,93.1,99.6,19.5,69.5,48.8,25.9,22.1,27.4,58.7,56.7,57.1,12.6,90.1,76,14,88.1,3.7
Telangana,36,Medak,4,99.9,78.2,80.1,99.4,23.4,57.7,39.3,36.4,21.3,42,70,54.4,54.8,13.3,98.9,69.3,31.8,89.3,6.5
Telangana,36,MedchalMalkajgiri,,99.9,86.2,99,100,23.1,79.5,59.3,33.4,12,25,73.8,56.8,57.4,6.4,98.3,76.1,10.2,97.1,3.1
Telangana,36,Nagarkurnool,,99.6,73.2,87.3,99.9,23.8,57.1,36,35.1,27.3,30.9,75.1,54,53.5,3.6,98,81.1,32.1,96.6,5.3
Telangana,36,Nalgonda,8,99.2,76.4,94.6,99.9,23.9,62.6,40.9,31.7,29.8,28,74.5,54.3,54.2,4.6,98.3,78.3,28.2,96.9,6
Telangana,36,Nirmal,,98.3,63.6,88.8,99.5,22.7,58.6,40.9,31.7,18.1,33.4,65.3,57.7,58.1,7.8,96.7,75.3,23.3,78.7,9.6
Telangana,36,Nizamabad,2,99.4,72.5,92.4,99.9,23.7,63.1,42.4,30.5,26.2,38.4,65.3,57,57.7,16.2,97.3,86.1,23.7,88.8,3.8
Telangana,36,Peddapalli,,98,77.8,96.6,99.5,18.1,73.7,46.6,27.5,28.8,33.1,69.6,64.6,64.6,11.6,96.5,73.1,13.6,93.2,4.6
Telangana,36,Rajanna Sircilla,,98.7,77.4,96.6,99.8,21.3,64.7,46.4,22.4,19.4,26.1,65.7,56,56.6,6.1,97.6,84.1,13.2,92.2,3
Telangana,36,Ranga Reddy,6,99.4,81.1,97,99.7,24.1,72.1,51.4,37.8,13.9,29.5,75.8,53.2,53.6,5.3,97.2,85.8,29,95.3,5.2
Telangana,36,Sangareddy,,99.4,68,81.1,99.6,24.5,63.6,41.5,32.9,25,35.1,67,48.3,47.9,12.3,93,78.5,30.6,92.2,4.4
Telangana,36,Siddipet,,97.2,84.1,93.2,99.5,22,71,51.3,28.1,19.3,29.6,63.5,56.7,56.9,8.3,99.7,63.1,19,88.4,1
Telangana,36,Suryapet,,99.8,77.9,94.5,99.4,18.9,63.5,42.5,29.1,24.9,30.1,76.6,57.5,58.1,4.6,95.9,70.4,29.5,95.5,6.2
Telangana,36,Vikarabad,,99.7,66.7,76,99.1,24.9,59.3,38.3,32.1,20,37.1,70,61,61.3,13,95,86.2,39.8,93.3,10
Telangana,36,Wanaparthy,,99.4,75.9,88.9,99.2,24.8,52.1,37,40.4,15.1,33.2,75.3,58.7,58.5,5,99,87,32.6,95.5,4.7
Telangana,36,Warangal Rural,9,99,74.3,87.8,99.7,17.3,60.1,40,36.1,19,37.9,71.5,59.3,59.2,14.4,100,79,22.9,93.5,12.9
Telangana,36,Warangal Urban,9,99.1,81.2,94.6,99.6,20.2,76.9,57.2,29.5,29.5,36,67,57.9,57.8,8.7,99.7,70.1,22.7,96.4,4.3
Telangana,36,Yadadri Bhuvanagiri,,99.7,81.9,94.9,99.6,23,68.4,48,38.3,10.3,27.2,65.3,53.8,54.3,6,97.7,76.7,21.6,94.8,1.7
Tripura,16,Dhalai,3,70.3,67.6,34,97.7,27.2,71.6,13.9,45.7,15.9,27.6,81.2,70,69.7,4.9,87.3,73.7,38.9,63.2,26.9
Tripura,16,Gomati,,87.7,77.4,47.7,98.8,24.2,77.2,22.8,22.7,27.6,29,70.7,62.3,62.6,9.8,93.2,67.1,42.8,71.5,24.4
Tripura,16,Khowai,,83.2,67.8,41.5,99,23.5,80.5,18.9,47,16.6,24.7,73.4,63.7,63.7,0.7,95.7,60.7,28.3,69.2,24.3
Tripura,16,North Tripura,4,75.6,74.1,41.6,96.2,26.2,83.1,23.7,26.2,30,32.2,52.5,69.3,69.6,5.7,85.4,69.6,34.2,74.2,11.9
Tripura,16,Sepahijala,,97.4,75.4,37.1,99,23.4,79.6,21.7,34.5,14.9,21,72.1,69.4,69.8,9.9,87.7,70.3,51.9,68.3,26.6
Tripura,16,South Tripura,2,90.5,68.6,29.4,95.9,24.5,80.3,21.6,25.5,15.3,21.6,59.6,66.5,66.8,11.3,89.7,48.5,46.2,49.6,23.1
Tripura,16,Unakoti,,78.6,61.8,29.2,96.4,27.4,76.4,18.7,31.8,19.3,32,62.8,67.9,67.4,6.2,71.5,58.3,38,56.8,21.2
Tripura,16,West Tripura,1,98.5,80.2,65.2,99.8,20.2,86.2,30.9,30.3,11.7,21.2,54.5,67.3,67.6,2.4,95.3,88.4,37.1,81.5,20.2
Uttar Pradesh,9,Agra,15,99.8,70.8,67.5,99.1,30.5,63.1,36.1,35.9,16.4,26.2,73,59.4,59.4,6.8,89.1,74.1,17.9,76.5,3.5
Uttar Pradesh,9,Aligarh,12,100,69.4,51.4,95.3,32.1,66,37.5,35,10.9,26.3,62.6,56.5,56.4,5.6,82.6,70.1,15.8,79.6,4.5
Uttar Pradesh,9,Ambedkar Nagar,47,100,63.6,32.2,94.2,29.2,76.2,53,31.1,17.8,29.2,54.9,52.7,52.9,3,92.2,75.1,5.5,77.5,0
Uttar Pradesh,9,Amethi,,98.7,60.9,26.4,92.3,32.1,63.3,34.6,35.8,19.9,33.1,52.4,46.1,46.6,4.4,90.8,75.9,14.9,71.8,1.9
Uttar Pradesh,9,Auraiya,31,99.5,74.3,33.7,94,29.3,74.9,46.2,39.7,19.4,32.6,64.2,39.1,39,6.5,90.1,82.5,18.1,77.1,4.9
Uttar Pradesh,9,Azamgarh,60,100,72.8,37.6,96.5,29.3,76.5,52.6,33.4,14.4,28,58.9,54.3,54.2,2.7,93.2,64.5,12,79.3,0.3
Uttar Pradesh,9,Baghpat,8,99.9,87,51.5,98.5,29.8,76.3,44,25.5,10.3,26,60.2,53.3,52.6,4,80.9,83.9,8.1,81.4,2.7
Uttar Pradesh,9,Bahraich,49,100,44.2,38.2,77.8,41,38.8,14.4,52.1,14.4,38,71.7,48.8,48.8,9.8,67.7,51.8,37.5,48.4,8.4
Uttar Pradesh,9,Ballia,62,99.8,61.7,53.8,89.1,29,70,50.1,43.8,21.9,42.5,71.6,52.2,53,10.3,90,62.2,9.9,71.6,1.7
Uttar Pradesh,9,Balrampur,51,99.8,59.7,39.6,78.4,38.9,43.2,16.8,41.2,24.9,37.2,75.4,53.7,54.8,5.1,69.7,57.4,35,53,4.1
Uttar Pradesh,9,Banda,39,98.2,59.3,26.8,89.2,30.6,57,27.1,51,25.7,49.8,82.2,52.2,52.3,2.4,89.8,62.9,19,52.6,2.5
Uttar Pradesh,9,Bara Banki,45,98.8,62.4,47.8,74.8,32.6,56.1,29.5,41.9,18.1,31.9,65.5,55.3,55,5.2,76,64.4,20.4,58.1,3.4
Uttar Pradesh,9,Bareilly,19,100,79.7,54.6,92.5,31.3,53.9,22.1,45.9,15.4,35.2,67.7,60.8,61.3,4.4,75.1,70.5,11.4,71.9,5.6
Uttar Pradesh,9,Basti,54,100,64.2,57,94.6,31.7,63.2,40.9,35.9,24.2,39.2,58.4,39.9,40.3,10.4,93.2,73.8,15.9,73.3,1
Uttar Pradesh,9,Bijnor,3,99.7,78.2,45.8,96.1,30.7,72.8,39.7,36.2,9.4,21.9,60.9,46,45.9,3.2,83.7,90.6,5.2,77,1.2
Uttar Pradesh,9,Budaun,18,99.8,69.7,39.8,80.7,35.3,49.7,21.6,51.8,18.2,43,72.2,55.3,56.2,10.6,72.3,69.5,22.9,58.8,7
Uttar Pradesh,9,Bulandshahr,11,100,81.5,48.4,96.3,31.3,69.2,37.8,37.6,13.8,26.5,64.1,52,51.5,5.4,83.5,67.3,12.8,79,5.5
Uttar Pradesh,9,Chandauli,65,97.5,66.7,42.3,91.9,30.5,70.6,47.2,39.5,17.4,29.9,64.6,48.7,48.5,4.4,86.2,70.6,17.2,80.6,2.1
Uttar Pradesh,9,Chitrakoot,40,97,56.7,31.2,92,31.3,56.2,30.2,47.5,24.8,41.8,55.3,46.6,46.7,3.2,81.1,63.7,21.8,55.8,3.5
Uttar Pradesh,9,Deoria,59,99.8,69.1,67.2,95.3,30.3,71.3,50.4,36.8,26.5,39.4,54.9,33.8,34.2,5,93.4,64.2,13.7,76.9,2.1
Uttar Pradesh,9,Etah,70,99.8,62.7,39.6,88,33.2,67.8,38.8,48.8,15,30.6,77.4,55.4,56,9.4,76.7,55.5,20.1,64.5,4.3
Uttar Pradesh,9,Etawah,30,99.5,78.1,48.6,95.7,29.4,77.4,45.7,38.8,13.9,24.3,74,57.4,57.6,5.8,85.2,77.7,16.3,76.5,2.2
Uttar Pradesh,9,Faizabad,46,100,64.4,41.3,90.3,29.1,73.8,49,30.6,12.4,27.5,57.7,52.3,52.7,2.5,89.1,68.7,7.6,71,2
Uttar Pradesh,9,Farrukhabad,28,99.7,72.6,45.5,91.8,32.7,63.1,33.3,47.8,14.3,31.1,77.1,56.9,57.5,4.6,69.3,68.5,18.8,61,4.1
Uttar Pradesh,9,Fatehpur,41,98.8,63.1,38.9,76.8,29,62.3,37.3,51.1,17.8,38,78.1,63,63.7,2.9,81.4,55.7,10.4,70.4,3.3
Uttar Pradesh,9,Firozabad,16,99.4,69,53.5,96.3,31.9,71.4,42.4,46.9,9.5,25.6,73.9,57.1,57.7,7,80.1,67.1,24.8,70,3.6
Uttar Pradesh,9,Gautam Buddha Nagar,10,99.9,74,75,99.4,28.5,79.9,51.9,25.5,12,21.9,62.9,59.4,59.3,4.7,86.6,68.2,13.5,89.6,2.1
Uttar Pradesh,9,Ghaziabad,9,99.1,84.5,92.4,99.9,24.9,80.1,55.2,28.2,17.1,23.4,61.8,55.2,55.9,4.7,86.4,68.5,8,91.7,0.6
Uttar Pradesh,9,Ghazipur,64,99.3,64.1,39.3,91.8,29.6,72.4,51.4,39.3,25.7,38.3,71.6,45.7,46.2,6.6,88.3,60.8,13.5,77.6,1.9
Uttar Pradesh,9,Gonda,52,100,44.6,56.2,88.9,32.4,57.7,31.5,45.9,12.1,28,62,49.3,49.3,15.4,81.8,59.9,25.4,61.4,4.2
Uttar Pradesh,9,Gorakhpur,57,99.8,69.6,66.8,94.9,30.5,68.8,42.8,29.6,23.3,33.7,67.4,52.9,53.4,3.4,91.6,67.7,14.6,78.3,2.4
Uttar Pradesh,9,Hamirpur,37,99.4,77.7,29,94.6,28.2,69.4,37.6,48,20.6,36.3,68.5,46.1,46.4,8.4,96.3,77.1,10.5,77.4,1.4
Uttar Pradesh,9,Hapur,,99.9,85.6,68,98.8,31.4,73.7,43.5,30.2,18.5,26.9,69.4,50.6,51.7,3.9,83.3,84.4,7.1,88.6,0.8
Uttar Pradesh,9,Hardoi,24,99.9,55.7,29,71,32.4,55,26.5,44.5,22.3,33,76.1,59.7,59.5,5.1,73.9,63.3,19.3,63.8,2.8
Uttar Pradesh,9,Jalaun,34,99,80.2,36.5,96.9,26,66.8,38.9,45.1,19.5,36.1,55.2,44.2,44,1.2,85.1,66.2,16.9,80.1,2.2
Uttar Pradesh,9,Jaunpur,63,99.1,62.6,55.2,98.2,29.3,75.9,52.7,40.5,14.8,30.3,65.3,34,34.1,5.1,88.8,75.1,11.8,83.5,0.6
Uttar Pradesh,9,Jhansi,35,96.8,73.2,51.9,95.2,24.7,69.2,43.3,40.9,25.2,39.3,70.3,41.3,41.5,4.9,92.9,44.5,25.1,82.1,3.5
Uttar Pradesh,9,Jyotiba Phule Nagar,6,99.7,78.9,45.4,96.4,32.5,61.2,35.4,42.2,22.5,35.4,69.6,47.6,47.9,5.5,81.1,72.9,11.6,74,4
Uttar Pradesh,9,Kannauj,29,99.9,70.1,35.5,87.3,32.7,64.8,37.3,43,21.5,33.5,79.6,65.2,65.2,5.6,76.4,55.8,10.4,66.5,1.3
Uttar Pradesh,9,Kanpur Dehat,32,99.4,70.6,39.3,79.8,27.9,70.8,45.4,44.1,12.5,32.8,69.2,54.9,54.6,4.4,84.3,56.3,12.7,76.2,1.9
Uttar Pradesh,9,Kanpur Nagar,33,98.8,77.5,76.9,89.3,24.5,81.3,58.5,34.6,21.4,27.8,76.3,57,57.4,7.1,86.6,72.8,10.9,87.6,3.4
Uttar Pradesh,9,Kanshiram Nagar,71,99.4,69.8,36.6,87.2,35.5,56.4,29.7,45.1,19.3,35.5,80.8,64.6,66.1,11.1,74.8,69.2,23.2,55.4,7.6
Uttar Pradesh,9,Kaushambi,43,98.3,59.6,37,78.7,34.9,58.6,31.9,40.2,18.3,36.8,65.5,54.4,54.6,3.9,88.6,65.7,17.6,67.1,2.9
Uttar Pradesh,9,Kheri,22,99.9,65.6,35.9,84.2,32.4,57.5,28.7,47.6,15.8,36.3,66.3,53,52.8,3.7,82.8,69.5,19.7,58.1,3.6
Uttar Pradesh,9,Kushinagar,58,100,73.1,55.2,91.5,34.9,62.5,34.1,32.2,24.3,36.6,52.8,42.3,42.7,4.6,89.4,65.4,17.7,77.3,2.6
Uttar Pradesh,9,Lalitpur,36,96.6,64.2,20.3,94.1,31.7,55.3,23.8,46.6,18.7,34.8,56,38.1,37.5,2.7,90.8,70.8,42.5,63.8,9.4
Uttar Pradesh,9,Lucknow,26,99.8,80.4,78.3,96.8,23.5,78.4,51.9,32.1,11.5,25.5,52.9,55.8,55.9,4.9,91.3,68.9,9.9,84.8,2.1
Uttar Pradesh,9,Mahamaya Nagar,13,99,73.3,46.5,94.9,31.9,65.5,39.1,39.1,12,24.5,72.1,58.2,58.1,11.5,80.3,71.6,28.1,66.9,5.7
Uttar Pradesh,9,Mahoba,38,100,66.7,65.1,94.8,32.4,62,33.8,40.5,21.8,37.4,60.5,47.1,47.3,3.4,93.3,76.2,24.1,80.6,3.6
Uttar Pradesh,9,Mahrajganj,56,94.3,69,28.2,95.9,28.4,65.6,30.7,42.3,25,33.4,70.1,49.4,49.5,6.6,96.3,70.7,20.8,77.9,4
Uttar Pradesh,9,Mainpuri,17,99.6,63.1,39.8,95.2,30.9,74.2,45.8,44.3,14.6,33.6,70.4,57.8,58.2,5.7,82.7,75,16,71.3,4
Uttar Pradesh,9,Mathura,14,98.4,71.2,47.3,98.2,32.7,64.4,34.7,31.6,11,21.3,77.2,63,63.5,9.3,79.5,73.6,21.3,74.7,6.4
Uttar Pradesh,9,Mau,61,99.8,75.1,54.2,94.2,27.2,72,53.1,25.4,21.2,30.3,62.7,44.3,44.5,4.7,94.7,59.1,11,76.6,0.3
Uttar Pradesh,9,Meerut,7,99.7,82.7,68.5,98.6,30.3,79,47.3,32.1,10.2,23.7,55.2,45.5,45.5,2.8,80.6,82.5,7.6,83.6,2.4
Uttar Pradesh,9,Mirzapur,68,96.9,72.3,42.5,92.7,31.9,70.9,43.8,43.4,12.5,27.6,59.8,42.1,42.3,3.8,91.1,68.3,16.6,75.4,2.4
Uttar Pradesh,9,Moradabad,4,99.8,79,58.3,96,29.4,66.7,42.6,34.7,19.1,27,67.6,44.9,45.5,7,80.3,84.5,9.6,78.5,1.5
Uttar Pradesh,9,Muzaffarnagar,2,99.9,80.1,59.8,97.8,30.4,72.1,41.8,29.8,20.7,29.9,65.4,46,46.2,6.4,87,69.5,7.3,78.1,1
Uttar Pradesh,9,Pilibhit,20,100,76.8,48.1,86.8,29.6,54.7,28.5,38.9,20.1,39.4,57.3,52,52.6,8.6,76.2,92.3,16.2,71.1,4.6
Uttar Pradesh,9,Pratapgarh,42,97.8,52,37.1,92.5,29,74.8,49.7,35.5,10,27.7,58,48.9,49.9,2.8,90.8,75,11,69.1,0.7
Uttar Pradesh,9,Prayagraj,44,95.8,59.5,45.1,95,31.5,67.7,47.6,37.9,15.1,32.6,50.5,46.4,46.5,3.8,83.2,55.8,13.8,79.9,2
Uttar Pradesh,9,Rae Bareli,27,98.1,55,39.4,88.9,30.4,62.8,36.1,47,13,28.8,76.4,48.2,48.3,2.1,89.5,71.4,14.3,70.9,1.3
Uttar Pradesh,9,Rampur,5,100,79,46.2,96.2,31.1,57,26.9,40.4,17.6,32.1,69.6,55.4,55.7,5,81,79.4,10.5,74.3,3.5
Uttar Pradesh,9,Saharanpur,1,99.7,83.8,56.6,98.3,28.5,71.2,38.2,28.8,22,26.7,68.1,41.4,41.8,6.1,81.7,89.2,7,76.7,1.3
Uttar Pradesh,9,Sambhal,,100,72.8,38.2,91.9,35.5,51.3,24.1,51.6,14.1,29.8,69.8,51.3,51.1,5.4,74.2,83,21.1,60.2,4.3
Uttar Pradesh,9,Sant Kabir Nagar,55,99.9,65.1,58.1,94,34.6,61.3,34.8,42.3,19,34.2,71.6,43.5,43.8,3.5,90.6,80.2,16.8,63.4,1.9
Uttar Pradesh,9,Sant Ravidas Nagar (Bhadohi),67,96.7,68.8,39.9,96.5,33.7,69.7,46.5,42.7,9.1,26.5,59.2,43.8,43.2,4.1,90.3,62.2,19.6,74.8,1.7
Uttar Pradesh,9,Shahjahanpur,21,100,69.2,40.4,84.1,34.4,56.8,27.7,44.5,17,34.7,75.4,60.3,60.6,5.8,63.3,76.5,20.9,59.6,4.6
Uttar Pradesh,9,Shamli,,99.9,83.3,53.6,98.7,31.3,64.2,32.6,28.6,24.3,27.5,65.2,41.7,42.4,1.9,78.3,91.1,10.8,74.1,2.3
Uttar Pradesh,9,Shrawasti,50,99.3,58.1,36.9,73.7,40.2,39.1,15.9,50.9,20.3,40.8,61.2,44.4,44.6,9.8,80.4,59.6,51.9,47.4,5.3
Uttar Pradesh,9,Siddharthnagar,53,99.9,42.8,50.6,90.7,41,48.3,17,37.2,24.8,36.3,75.8,51.2,51.4,4.1,69.7,65.1,33.9,63,3.7
Uttar Pradesh,9,Sitapur,23,99.7,52.5,31.5,68.4,33.6,53.4,23.9,47.8,18.2,37.9,66.4,55.3,55.2,9.5,84.8,65.9,20.8,55.5,3.4
Uttar Pradesh,9,Sonbhadra,69,89.6,70.6,30.4,82.9,31.8,60.9,35.7,38.3,26.8,46.5,63,44.5,44.2,2,76.8,72.7,17.7,68.9,6.9
Uttar Pradesh,9,Sultanpur,48,99.5,65.1,33.7,94.3,31.4,71.9,46.6,33.4,10.7,28.3,62.3,50.2,49.5,2.3,87,80.2,7.9,74.8,1.1
Uttar Pradesh,9,Unnao,25,98.5,60.3,43.4,75.4,28.1,64.4,37,39.2,12.1,29.3,76,48.9,49.6,8,80.8,58.6,18.9,65.4,2.2
Uttar Pradesh,9,Varanasi,66,98.4,83.2,71.5,97.2,27.3,79,55,37.4,21,39,65.2,37.6,38.2,4.4,95.2,79.3,10.4,85.6,0
Uttarakhand,5,Almora,9,93.3,89.2,35.9,99.9,23.2,86.3,48,26,17,22.9,57.7,33.4,34,6.2,80.1,85.1,1.5,88.6,1.7
Uttarakhand,5,Bageshwar,8,92,88.5,34.6,99.8,24.6,87.2,52.2,23.6,7.7,11.9,43.7,27.8,27.8,4,82,86.9,12.9,91.2,1.7
Uttarakhand,5,Chamoli,2,94.4,87.6,37.4,99.5,26.1,89.2,59,34.1,16.2,21.6,65.5,41.8,41.8,5.7,73.9,85,3.4,96.8,3
Uttarakhand,5,Champawat,10,95.4,82.7,39.8,99.6,27.6,83.8,51,24.9,12.4,15.3,43.1,32.5,32.6,4.2,79.8,91.9,11.7,94.4,1.9
Uttarakhand,5,Dehradun,5,99,83.9,88.8,99.7,23.1,85.8,62.6,20.9,10.1,19.1,59.5,47.9,47.9,1.7,91.7,76,6.6,94.1,0.4
Uttarakhand,5,Haridwar,13,99.6,69.8,61.5,99.7,31,73.7,40.3,31.1,16.4,27,63.1,43.8,42.8,6.4,79.8,76.5,9.9,85.4,2.3
Uttarakhand,5,Nainital,11,93,82.4,71.6,99.1,25.8,83.9,55.2,23.2,14,14.8,59.8,34.5,34.6,5,81.2,74.1,11.3,90.7,2
Uttarakhand,5,Pauri Garhwal ,6,83.5,83.3,48.1,99.4,23,84,56.2,30,12,18.8,57.2,40.3,40.8,6.1,76,76,8.6,86.5,1.3
Uttarakhand,5,Pithoragarh,7,90.9,84.5,45.9,99.6,22.2,87.6,55.5,25.6,12.4,20.6,36.2,25.5,25.2,4.8,84.9,96,16.2,94.6,3.7
Uttarakhand,5,Rudraprayag ,3,93.9,86.8,35.1,99.5,25,86.1,56.4,25.2,8,10.9,52.4,40.6,40.7,3.2,86.6,91.4,8.6,96.8,1.8
Uttarakhand,5,Tehri Garhwal,4,84.1,84.6,34.9,99.9,25.7,74.9,50.8,29.3,12.8,20.7,61.7,42.2,41.9,3,82.2,83,6.3,93.7,1.7
Uttarakhand,5,Udham Singh Nagar,12,99.9,70.9,64,99.6,27.9,70.4,41.1,26.8,12.4,22,60.8,51,51.1,3.4,85.1,83.2,14.6,93.6,5.2
Uttarakhand,5,Uttarkashi,1,96.1,75.7,32.6,99.6,25,80.1,53.6,34.1,10.6,23.5,73.6,60.9,60.8,4.8,85.9,81.8,5.7,90.2,4.8
West Bengal,19,Bankura,13,96.3,49.2,20.8,92.3,22.6,68.3,27.9,30.3,26,38.8,67.1,77,77.3,12.7,93.3,85,45.7,79,16
West Bengal,19,Birbhum,8,99.4,55,28.1,97.8,25.7,70.8,25.8,37,25.5,41.8,76.5,77.7,78.2,9.5,90.3,81.6,49.9,79.3,25
West Bengal,19,Dakshin Dinajpur,5,99.7,79,28.7,96.5,23.4,74.3,30.5,31.9,22.8,30.2,72.5,82,82.8,2.7,91.4,92.6,45.6,76.6,18.2
West Bengal,19,Darjeeling,1,90.8,83,68.8,98.2,20.7,77,41.3,34.3,20.6,31.6,68.1,59.2,59.1,6.6,98.4,94.2,21.2,92.7,6.3
West Bengal,19,Haora,15,99.5,72.9,61.9,99,21.2,80.5,40.1,27.5,21.3,27.3,67.7,65.3,65.6,6.6,95.5,87.8,30.4,94.1,9.4
West Bengal,19,Hugli,12,98.1,76.2,54.6,98.4,19.9,77.4,37,28.9,20,33.4,67.9,75.1,75.1,11.2,97,95.4,40.8,86.5,13.2
West Bengal,19,Jalpaiguri,2,95.2,73.2,42.7,97.4,22.6,73.6,33.9,28.9,18.3,25.4,67.4,71.4,72.2,4.3,95.8,87.9,18.7,82.3,11.8
West Bengal,19,Koch Bihar,3,99.3,75.7,25.7,98.2,25,79.2,26.7,28.7,16.8,22.5,66.4,74.8,74.9,4.5,93,94.2,46.7,83.5,27.3
West Bengal,19,Kolkata,16,99.3,60.9,91.7,99.6,16,87.6,55.4,29.6,29.3,32.9,72.3,58.2,58.4,5.6,97.5,80.2,16.7,97.5,4.9
West Bengal,19,Maldah,6,99,62,29.6,98.1,30.2,72.3,30,40.5,20,35.3,71,73.6,73.8,5.5,87.7,87.2,49.1,83.6,18.9
West Bengal,19,Murshidabad,7,99.1,69.7,30.7,96.7,29.3,67.6,24.2,39.8,16.3,32.4,72.1,77.6,78,7.8,87,90,55.4,85.7,20.6
West Bengal,19,Nadia,10,98.2,78.4,34.2,98.2,21.5,76.2,28.3,26.1,17.6,25.1,63.6,73.4,73.8,5.9,97.7,89.9,39.9,83.4,15.1
West Bengal,19,North Twenty Four Parganas,11,99.5,80.4,58.9,99.5,20.6,85.5,40.7,32.4,13.3,23.6,57.9,65.3,65.4,2,97.5,92.8,33.6,89.6,11.5
West Bengal,19,Paschim Barddhaman,9,95.2,71.5,56.3,97,22.3,73.5,37.1,39.7,25.5,41,74.7,65.8,66.5,8.8,89.8,62.4,31.8,84.4,15.4
West Bengal,19,Paschim Medinipur,18,95.5,58.3,17.5,95.4,23.4,70.9,26.2,31.1,30.3,40,66,81.5,82,6.3,87.6,76.9,55.7,67.3,25
West Bengal,19,Purba Barddhaman,18,99.1,64.2,32.1,96.8,22.2,73.2,27.3,32.7,21.1,31.6,71.5,77.9,78.4,3.3,96,97.2,50.4,80.4,21.9
West Bengal,19,Purba Medinipur,19,87.8,69.8,17,99,23.9,77,30.9,25.8,15.5,30.6,67.5,70.4,70.5,8.9,91.5,88.4,57.6,78.4,22
West Bengal,19,Puruliya,14,87.6,29.2,23.2,88.6,25.4,61,26.9,36.9,29.4,46.3,77.9,76.7,76.9,9,89.8,84.7,37,72.7,12
West Bengal,19,South Twenty Four Parganas,17,100,70.1,36.2,99.2,25.5,85.6,34.9,36.7,21.2,32.2,70.4,61.6,62.1,4.5,91,91.7,41.9,80.3,13.1
West Bengal,19,Uttar Dinajpur,4,99.8,63.8,27.2,96.9,29.2,65.4,29.3,44.8,16,32,77.2,72.4,71.9,7.9,76.9,84.4,30.3,79.6,12.7
